HWCJHTD,VBCJHTD,Arcane Tiger Pelt Helm Of Haste,Helm,Arcane Tiger Pelt Helm Of Haste$Insured$Weight: 4 Stones$Brittle$Casting Focus 1%$Dexterity Bonus 4$Intelligence Bonus 4$Stamina Increase 10$Mana Increase 6$Stamina Regeneration 2$Lower Mana Cost 8%$Lower Reagent Cost 5%$Physical Resist 18%$Fire Resist 19%$Cold Resist 18%$Poison Resist 18%$Energy Resist 18%$Strength Requirement 25$Durability 255 / 255$* Requires The "Stygian Abyss" Expansion$Legendary Artifact$* Requires The "Time Of Legends" Expansion$ 
BVCJHTD,VBCJHTD,Arcane Dragon Turtle Hide Helm Of Haste,Helm,Arcane Dragon Turtle Hide Helm Of Haste$Insured$Weight: 4 Stones$Brittle$Casting Focus 1%$Dexterity Bonus 2$Intelligence Bonus 2$Stamina Increase 10$Stamina Regeneration 3$Mana Regeneration 3$Lower Mana Cost 10%$Lower Reagent Cost 5%$Physical Resist 19%$Fire Resist 17%$Cold Resist 17%$Poison Resist 19%$Energy Resist 19%$Strength Requirement 30$Durability 255 / 255$* Requires The "Stygian Abyss" Expansion$Legendary Artifact$* Requires The "Time Of Legends" Expansion$ 
RUCJHTD,VBCJHTD,Arcane Chainmail Leggings Of Haste,Legs,Arcane Chainmail Leggings Of Haste$Insured$Weight: 7 Stones$Brittle$Casting Focus 1%$Dexterity Bonus 5$Intelligence Bonus 4$Stamina Increase 10$Stamina Regeneration 1$Mana Regeneration 3$Lower Mana Cost 8%$Lower Reagent Cost 10%$Physical Resist 19%$Fire Resist 19%$Cold Resist 19%$Poison Resist 16%$Energy Resist 17%$Strength Requirement 60$Durability 255 / 255$* Requires The "Stygian Abyss" Expansion$Legendary Artifact$ 
ZOCJHTD,VBCJHTD,Arcane Tiger Pelt Shorts Of Vitality,Legs,Arcane Tiger Pelt Shorts Of Vitality$Insured$Weight: 3 Stones$Brittle$Casting Focus 1%$Strength Bonus 4$Intelligence Bonus 4$Hit Point Increase 7$Mana Increase 4$Hit Point Regeneration 1$Mana Regeneration 3$Lower Mana Cost 8%$Physical Resist 18%$Fire Resist 19%$Cold Resist 18%$Poison Resist 18%$Energy Resist 18%$Strength Requirement 25$Durability 255 / 255$* Requires The "Stygian Abyss" Expansion$Legendary Artifact$* Requires The "Time Of Legends" Expansion$ 
XOCJHTD,VBCJHTD,Arcane Tiger Pelt Skirt Of Haste,Legs,Arcane Tiger Pelt Skirt Of Haste$Insured$Weight: 1 Stone$Brittle$Casting Focus 1%$Dexterity Bonus 5$Intelligence Bonus 5$Stamina Increase 10$Mana Increase 2$Stamina Regeneration 1$Mana Regeneration 3$Lower Mana Cost 4%$Lower Reagent Cost 5%$Physical Resist 18%$Fire Resist 19%$Cold Resist 18%$Poison Resist 18%$Energy Resist 18%$Strength Requirement 25$Durability 255 / 255$* Requires The "Stygian Abyss" Expansion$Legendary Artifact$* Requires The "Time Of Legends" Expansion$ 
ROCJHTD,VBCJHTD,Arcane Studded Tunic Of Haste,Chest,Arcane Studded Tunic Of Haste$Insured$Weight: 8 Stones$Brittle$Casting Focus 2%$Dexterity Bonus 5$Stamina Increase 8$Mana Increase 8$Stamina Regeneration 2$Lower Mana Cost 10%$Lower Reagent Cost 5%$Physical Resist 17%$Fire Resist 19%$Cold Resist 18%$Poison Resist 18%$Energy Resist 19%$Mage Armor$Strength Requirement 35$Durability 255 / 255$* Requires The "Stygian Abyss" Expansion$Legendary Artifact$ 
POCJHTD,VBCJHTD,Arcane Dragon Turtle Hide Leggings Of Haste,Legs,Arcane Dragon Turtle Hide Leggings Of Haste$Insured$Weight: 6 Stones$Brittle$Intelligence Bonus 4$Stamina Increase 10$Mana Increase 4$Stamina Regeneration 3$Mana Regeneration 1$Lower Mana Cost 8%$Lower Reagent Cost 5%$Physical Resist 19%$Fire Resist 17%$Cold Resist 17%$Poison Resist 19%$Energy Resist 19%$Strength Requirement 30$Durability 255 / 255$Legendary Artifact$* Requires The "Time Of Legends" Expansion$ 
ONCJHTD,VBCJHTD,Arcane Tiger Pelt Skirt Of Haste,Legs,Arcane Tiger Pelt Skirt Of Haste$Insured$Weight: 1 Stone$Brittle$Casting Focus 2%$Dexterity Bonus 4$Intelligence Bonus 4$Stamina Increase 10$Mana Increase 8$Stamina Regeneration 2$Mana Regeneration 1$Lower Reagent Cost 10%$Physical Resist 18%$Fire Resist 19%$Cold Resist 18%$Poison Resist 18%$Energy Resist 18%$Strength Requirement 25$Durability 255 / 255$* Requires The "Stygian Abyss" Expansion$Legendary Artifact$* Requires The "Time Of Legends" Expansion$ 
UNCJHTD,VBCJHTD,Arcane Gargish Leather Kilt Of Haste,Kilt,Arcane Gargish Leather Kilt Of Haste$Insured$Weight: 5 Stones$Gargoyles Only$Brittle$Casting Focus 1%$Dexterity Bonus 4$Intelligence Bonus 2$Stamina Increase 10$Stamina Regeneration 2$Mana Regeneration 3$Lower Mana Cost 10%$Lower Reagent Cost 5%$Physical Resist 20%$Fire Resist 21%$Cold Resist 22%$Poison Resist 21%$Energy Resist 21%$Strength Requirement 25$Durability 255 / 255$* Requires The "Stygian Abyss" Expansion$Legendary Artifact$ 
KNCJHTD,VBCJHTD,Arcane Gargish Stone Chest Of Vitality,Chest,Arcane Gargish Stone Chest Of Vitality$Insured$Weight: 15 Stones$Gargoyles Only$Brittle$Casting Focus 1%$Strength Bonus 4$Intelligence Bonus 4$Hit Point Increase 7$Mana Increase 8$Hit Point Regeneration 2$Mana Regeneration 2$Lower Mana Cost 8%$Physical Resist 21%$Fire Resist 21%$Cold Resist 19%$Poison Resist 23%$Energy Resist 21%$Mage Armor$Strength Requirement 40$Durability 255 / 255$* Requires The "Stygian Abyss" Expansion$Legendary Artifact$ 
XJCJHTD,VBCJHTD,Arcane Tiger Pelt Helm Of Haste,Helm,Arcane Tiger Pelt Helm Of Haste$Insured$Weight: 4 Stones$Brittle$Casting Focus 2%$Stamina Increase 10$Mana Increase 6$Stamina Regeneration 3$Mana Regeneration 1$Lower Mana Cost 8%$Lower Reagent Cost 5%$Physical Resist 18%$Fire Resist 19%$Cold Resist 18%$Poison Resist 18%$Energy Resist 18%$Strength Requirement 25$Durability 255 / 255$* Requires The "Stygian Abyss" Expansion$Legendary Artifact$* Requires The "Time Of Legends" Expansion$ 
WJCJHTD,VBCJHTD,Arcane Ringmail Gloves Of Haste,Gloves,Arcane Ringmail Gloves Of Haste$Insured$Weight: 2 Stones$Brittle$Dexterity Bonus 5$Intelligence Bonus 4$Stamina Increase 10$Mana Increase 8$Lower Mana Cost 8%$Lower Reagent Cost 10%$Physical Resist 18%$Fire Resist 18%$Cold Resist 16%$Poison Resist 20%$Energy Resist 18%$Mage Armor$Strength Requirement 40$Durability 255 / 255$Legendary Artifact$ 
OJCJHTD,VBCJHTD,Mystic Ringmail Tunic Of Haste,Chest,Mystic Ringmail Tunic Of Haste$Insured$Weight: 15 Stones$Brittle$Dexterity Bonus 4$Intelligence Bonus 3$Stamina Increase 8$Mana Increase 10$Stamina Regeneration 3$Mana Regeneration 1$Lower Mana Cost 8%$Physical Resist 18%$Fire Resist 18%$Cold Resist 16%$Poison Resist 20%$Energy Resist 18%$Mage Armor$Strength Requirement 40$Durability 255 / 255$Legendary Artifact$ 
CJCJHTD,VBCJHTD,Arcane Tiger Pelt Bustier Of Haste,Chest,Arcane Tiger Pelt Bustier Of Haste$Insured$Weight: 6 Stones$Brittle$Casting Focus 2%$Dexterity Bonus 4$Stamina Increase 8$Mana Increase 6$Stamina Regeneration 3$Mana Regeneration 1$Lower Mana Cost 10%$Lower Reagent Cost 5%$Physical Resist 18%$Fire Resist 19%$Cold Resist 18%$Poison Resist 18%$Energy Resist 18%$Strength Requirement 25$Durability 255 / 255$* Requires The "Stygian Abyss" Expansion$Legendary Artifact$* Requires The "Time Of Legends" Expansion$ 
FDCJHTD,VBCJHTD,Arcane Tall Straw Hat Of Haste,Helm,Arcane Tall Straw Hat Of Haste$Insured$Weight: 1 Stone$Brittle$Dexterity Bonus 4$Intelligence Bonus 4$Stamina Increase 8$Mana Increase 6$Stamina Regeneration 3$Mana Regeneration 1$Lower Mana Cost 8%$Lower Reagent Cost 5%$Physical Resist 15%$Fire Resist 20%$Cold Resist 24%$Poison Resist 20%$Energy Resist 20%$Strength Requirement 10$Durability 255 / 255$Legendary Artifact$ 
EHCJHTD,VBCJHTD,Arcane Gargish Stone Leggings Of Haste,Legs,Arcane Gargish Stone Leggings Of Haste$Insured$Weight: 15 Stones$Gargoyles Only$Brittle$Casting Focus 2%$Dexterity Bonus 5$Stamina Increase 10$Mana Increase 8$Stamina Regeneration 1$Mana Regeneration 1$Lower Mana Cost 8%$Lower Reagent Cost 10%$Physical Resist 21%$Fire Resist 21%$Cold Resist 4%$Poison Resist 23%$Energy Resist 21%$Mage Armor$Strength Requirement 40$Durability 255 / 255$* Requires The "Stygian Abyss" Expansion$Legendary Artifact$ 
GHCJHTD,VBCJHTD,Arcane Wizard's Hat Of Haste,Helm,Arcane Wizard's Hat Of Haste$Insured$Weight: 1 Stone$Brittle$Casting Focus 2%$Dexterity Bonus 5$Intelligence Bonus 4$Stamina Increase 10$Mana Increase 8$Stamina Regeneration 1$Mana Regeneration 2$Lower Mana Cost 2%$Lower Reagent Cost 5%$Physical Resist 15%$Fire Resist 20%$Cold Resist 24%$Poison Resist 20%$Energy Resist 20%$Strength Requirement 10$Durability 255 / 255$* Requires The "Stygian Abyss" Expansion$Legendary Artifact$ 
VGCJHTD,VBCJHTD,Mystic Ringmail Tunic Of Haste,Chest,Mystic Ringmail Tunic Of Haste$Insured$Weight: 15 Stones$Brittle$Dexterity Bonus 4$Intelligence Bonus 1$Stamina Increase 8$Mana Increase 10$Stamina Regeneration 3$Mana Regeneration 3$Lower Mana Cost 8%$Physical Resist 18%$Fire Resist 18%$Cold Resist 16%$Poison Resist 20%$Energy Resist 18%$Mage Armor$Strength Requirement 40$Durability 255 / 255$Legendary Artifact$ 
AHCJHTD,VBCJHTD,Arcane Leather Gorget Of Haste,Gorget,Arcane Leather Gorget Of Haste$Insured$Weight: 1 Stone$Brittle$Casting Focus 2%$Dexterity Bonus 3$Stamina Increase 8$Mana Increase 4$Stamina Regeneration 4$Mana Regeneration 3$Lower Mana Cost 8%$Lower Reagent Cost 5%$Physical Resist 17%$Fire Resist 19%$Cold Resist 18%$Poison Resist 18%$Energy Resist 18%$Strength Requirement 20$Durability 255 / 255$* Requires The "Stygian Abyss" Expansion$Legendary Artifact$ 
YGCJHTD,VBCJHTD,Arcane Bascinet Of Haste,Helm,Arcane Bascinet Of Haste$Insured$Weight: 5 Stones$Brittle$Casting Focus 1%$Dexterity Bonus 5$Intelligence Bonus 4$Stamina Increase 10$Mana Increase 8$Stamina Regeneration 1$Mana Regeneration 1$Lower Mana Cost 8%$Physical Resist 22%$Fire Resist 17%$Cold Resist 17%$Poison Resist 17%$Energy Resist 17%$Strength Requirement 40$Durability 255 / 255$* Requires The "Stygian Abyss" Expansion$Legendary Artifact$ 
DGCJHTD,VBCJHTD,Arcane Platemail Arms Of Haste,Arms,Arcane Platemail Arms Of Haste$Insured$Weight: 5 Stones$Brittle$Casting Focus 2%$Dexterity Bonus 2$Stamina Increase 10$Mana Increase 8$Stamina Regeneration 4$Mana Regeneration 3$Lower Mana Cost 8%$Physical Resist 20%$Fire Resist 18%$Cold Resist 17%$Poison Resist 18%$Energy Resist 17%$Mage Armor$Strength Requirement 80$Durability 255 / 255$* Requires The "Stygian Abyss" Expansion$Legendary Artifact$ 
CACJHTD,VBCJHTD,Arcane Leather Bustier Of Haste,Chest,Arcane Leather Bustier Of Haste$Insured$Weight: 1 Stone$Brittle$Casting Focus 1%$Dexterity Bonus 4$Intelligence Bonus 4$Stamina Increase 10$Mana Increase 4$Stamina Regeneration 3$Mana Regeneration 1$Lower Mana Cost 10%$Lower Reagent Cost 5%$Physical Resist 17%$Fire Resist 19%$Cold Resist 18%$Poison Resist 18%$Energy Resist 18%$Strength Requirement 20$Durability 255 / 255$* Requires The "Stygian Abyss" Expansion$Legendary Artifact$ 
ZZBJHTD,VBCJHTD,Arcane Leather Gloves Of Haste,Gloves,Arcane Leather Gloves Of Haste$Insured$Weight: 1 Stone$Brittle$Casting Focus 2%$Dexterity Bonus 4$Stamina Increase 10$Mana Increase 8$Stamina Regeneration 3$Mana Regeneration 4$Lower Reagent Cost 5%$Physical Resist 17%$Fire Resist 19%$Cold Resist 18%$Poison Resist 18%$Energy Resist 18%$Strength Requirement 20$Durability 255 / 255$* Requires The "Stygian Abyss" Expansion$Legendary Artifact$ 
AACJHTD,VBCJHTD,Mystic Gargish Stone Kilt Of Vitality,Kilt,Mystic Gargish Stone Kilt Of Vitality$Insured$Weight: 10 Stones$Gargoyles Only$Brittle$Fire Eater 6%$Intelligence Bonus 4$Hit Point Increase 5$Mana Increase 8$Hit Point Regeneration 4$Mana Regeneration 1$Lower Mana Cost 8%$Physical Resist 21%$Fire Resist 21%$Cold Resist 19%$Poison Resist 23%$Energy Resist 21%$Mage Armor$Strength Requirement 40$Durability 255 / 255$* Requires The "Stygian Abyss" Expansion$Legendary Artifact$ 
ZYBJHTD,VBCJHTD,Arcane Dragon Turtle Hide Bustier Of Haste,Chest,Arcane Dragon Turtle Hide Bustier Of Haste$Insured$Weight: 6 Stones$Brittle$Casting Focus 2%$Dexterity Bonus 4$Intelligence Bonus 4$Stamina Increase 10$Stamina Regeneration 3$Mana Regeneration 4$Lower Mana Cost 2%$Lower Reagent Cost 5%$Physical Resist 19%$Fire Resist 17%$Cold Resist 17%$Poison Resist 19%$Energy Resist 19%$Strength Requirement 30$Durability 255 / 255$* Requires The "Stygian Abyss" Expansion$Legendary Artifact$* Requires The "Time Of Legends" Expansion$ 
SYBJHTD,VBCJHTD,Arcane Chainmail Tunic Of Vitality,Chest,Arcane Chainmail Tunic Of Vitality$Insured$Weight: 7 Stones$Brittle$Casting Focus 1%$Strength Bonus 5$Hit Point Increase 5$Mana Increase 8$Hit Point Regeneration 3$Mana Regeneration 3$Lower Mana Cost 10%$Physical Resist 19%$Fire Resist 19%$Cold Resist 19%$Poison Resist 16%$Energy Resist 17%$Mage Armor$Strength Requirement 60$Durability 255 / 255$* Requires The "Stygian Abyss" Expansion$Legendary Artifact$ 
EYBJHTD,VBCJHTD,Arcane Leather Sleeves Of Haste,Arms,Arcane Leather Sleeves Of Haste$Insured$Weight: 2 Stones$Brittle$Dexterity Bonus 4$Intelligence Bonus 2$Stamina Increase 8$Mana Increase 6$Stamina Regeneration 4$Mana Regeneration 4$Lower Mana Cost 2%$Lower Reagent Cost 20%$Physical Resist 17%$Fire Resist 19%$Cold Resist 18%$Poison Resist 18%$Energy Resist 18%$Strength Requirement 20$Durability 255 / 255$Legendary Artifact$ 
JYBJHTD,VBCJHTD,Arcane Dragon Turtle Hide Leggings Of Haste,Legs,Arcane Dragon Turtle Hide Leggings Of Haste$Insured$Weight: 6 Stones$Brittle$Casting Focus 1%$Dexterity Bonus 5$Stamina Increase 8$Mana Increase 10$Stamina Regeneration 2$Mana Regeneration 1$Lower Mana Cost 10%$Lower Reagent Cost 5%$Physical Resist 19%$Fire Resist 17%$Cold Resist 17%$Poison Resist 19%$Energy Resist 19%$Strength Requirement 30$Durability 255 / 255$* Requires The "Stygian Abyss" Expansion$Legendary Artifact$* Requires The "Time Of Legends" Expansion$ 
KYBJHTD,VBCJHTD,Mystic Gargish Platemail Kilt Of Vitality,Kilt,Mystic Gargish Platemail Kilt Of Vitality$Insured$Weight: 5 Stones$Gargoyles Only$Brittle$Strength Bonus 4$Intelligence Bonus 4$Hit Point Increase 5$Mana Increase 10$Hit Point Regeneration 3$Mana Regeneration 1$Lower Mana Cost 6%$Physical Resist 23%$Fire Resist 21%$Cold Resist 20%$Poison Resist 6%$Energy Resist 20%$Mage Armor$Strength Requirement 80$Durability 255 / 255$Legendary Artifact$ 
YXBJHTD,VBCJHTD,Arcane Studded Gloves Of Haste,Gloves,Arcane Studded Gloves Of Haste$Weight: 1 Stone$Brittle$Casting Focus 2%$Dexterity Bonus 4$Intelligence Bonus 4$Stamina Increase 10$Mana Increase 8$Stamina Regeneration 2$Lower Reagent Cost 15%$Physical Resist 17%$Fire Resist 19%$Cold Resist 18%$Poison Resist 18%$Energy Resist 19%$Mage Armor$Strength Requirement 25$Durability 255 / 255$* Requires The "Stygian Abyss" Expansion$Legendary Artifact$ 
WXBJHTD,VBCJHTD,Arcane Platemail Legs Of Haste,Legs,Arcane Platemail Legs Of Haste$Insured$Weight: 7 Stones$Brittle$Casting Focus 1%$Dexterity Bonus 5$Intelligence Bonus 3$Stamina Increase 10$Mana Increase 8$Stamina Regeneration 1$Mana Regeneration 1$Lower Reagent Cost 25%$Physical Resist 20%$Fire Resist 18%$Cold Resist 17%$Poison Resist 18%$Energy Resist 17%$Strength Requirement 90$Durability 255 / 255$* Requires The "Stygian Abyss" Expansion$Legendary Artifact$ 
CYBJHTD,VBCJHTD,Mystic Bone Armor Of Haste,Chest,Mystic Bone Armor Of Haste$Insured$Weight: 7 Stones$Brittle$Dexterity Bonus 4$Intelligence Bonus 4$Stamina Increase 8$Mana Increase 4$Stamina Regeneration 3$Mana Regeneration 3$Lower Mana Cost 8%$Physical Resist 18%$Fire Resist 18%$Cold Resist 19%$Poison Resist 17%$Energy Resist 19%$Mage Armor$Strength Requirement 60$Durability 255 / 255$Legendary Artifact$ 
AYBJHTD,VBCJHTD,Arcane Platemail Gorget Of Haste,Gorget,Arcane Platemail Gorget Of Haste$Insured$Weight: 2 Stones$Brittle$Casting Focus 2%$Dexterity Bonus 4$Stamina Increase 8$Mana Increase 10$Stamina Regeneration 3$Lower Mana Cost 8%$Lower Reagent Cost 5%$Physical Resist 20%$Fire Resist 18%$Cold Resist 17%$Poison Resist 18%$Energy Resist 17%$Mage Armor$Strength Requirement 45$Durability 255 / 255$* Requires The "Stygian Abyss" Expansion$Legendary Artifact$ 
LCCJHTD,VBCJHTD,Mystic Platemail Gorget Of Haste,Gorget,Mystic Platemail Gorget Of Haste$Insured$Weight: 2 Stones$Brittle$Dexterity Bonus 5$Intelligence Bonus 2$Stamina Increase 8$Mana Increase 10$Mana Regeneration 3$Lower Mana Cost 2%$Physical Resist 20%$Fire Resist 18%$Cold Resist 17%$Poison Resist 18%$Energy Resist 17%$Mage Armor$Strength Requirement 45$Durability 255 / 255$Legendary Artifact$ 
OCCJHTD,VBCJHTD,Mystic Gargish Stone Kilt Of Vitality,Kilt,Mystic Gargish Stone Kilt Of Vitality$Insured$Weight: 10 Stones$Gargoyles Only$Brittle$Strength Bonus 3$Intelligence Bonus 4$Hit Point Increase 7$Mana Increase 8$Mana Regeneration 1$Lower Mana Cost 6%$Physical Resist 21%$Fire Resist 21%$Cold Resist 19%$Poison Resist 23%$Energy Resist 21%$Mage Armor$Strength Requirement 40$Durability 255 / 255$Legendary Artifact$ 
SCCJHTD,VBCJHTD,Arcane Gargish Platemail Kilt Of Haste,Kilt,Arcane Gargish Platemail Kilt Of Haste$Insured$Weight: 5 Stones$Gargoyles Only$Brittle$Dexterity Bonus 4$Intelligence Bonus 4$Stamina Increase 10$Stamina Regeneration 3$Mana Regeneration 3$Lower Mana Cost 8%$Lower Reagent Cost 15%$Physical Resist 23%$Fire Resist 21%$Cold Resist 20%$Poison Resist 21%$Energy Resist 20%$Mage Armor$Strength Requirement 80$Durability 255 / 255$Legendary Artifact$ 
FCCJHTD,VBCJHTD,Arcane Gargish Leather Leggings Of Vitality,Legs,Arcane Gargish Leather Leggings Of Vitality$Insured$Weight: 5 Stones$Gargoyles Only$Brittle$Damage Eater 6%$Casting Focus 1%$Strength Bonus 4$Intelligence Bonus 3$Hit Point Increase 7$Mana Increase 2$Mana Regeneration 4$Lower Reagent Cost 20%$Physical Resist 20%$Fire Resist 21%$Cold Resist 22%$Poison Resist 21%$Energy Resist 21%$Strength Requirement 20$Durability 255 / 255$* Requires The "Stygian Abyss" Expansion$Legendary Artifact$ 
GCCJHTD,VBCJHTD,Mystic Gargish Stone Chest Of Haste,Chest,Mystic Gargish Stone Chest Of Haste$Insured$Weight: 15 Stones$Gargoyles Only$Brittle$Dexterity Bonus 4$Intelligence Bonus 4$Stamina Increase 10$Mana Increase 2$Stamina Regeneration 3$Mana Regeneration 3$Lower Mana Cost 10%$Physical Resist 21%$Fire Resist 21%$Cold Resist 19%$Poison Resist 23%$Energy Resist 21%$Mage Armor$Strength Requirement 40$Durability 255 / 255$Legendary Artifact$ 
KCCJHTD,VBCJHTD,Arcane Leather Gloves Of Haste,Gloves,Arcane Leather Gloves Of Haste$Insured$Weight: 1 Stone$Brittle$Casting Focus 2%$Dexterity Bonus 5$Intelligence Bonus 4$Stamina Increase 10$Mana Increase 6$Stamina Regeneration 1$Mana Regeneration 1$Lower Mana Cost 2%$Lower Reagent Cost 20%$Physical Resist 17%$Fire Resist 19%$Cold Resist 18%$Poison Resist 18%$Energy Resist 18%$Strength Requirement 20$Durability 255 / 255$* Requires The "Stygian Abyss" Expansion$Legendary Artifact$ 
HCCJHTD,VBCJHTD,Arcane Platemail Legs Of Haste,Legs,Arcane Platemail Legs Of Haste$Insured$Weight: 7 Stones$Brittle$Casting Focus 3%$Dexterity Bonus 5$Intelligence Bonus 3$Stamina Increase 10$Mana Increase 2$Stamina Regeneration 1$Mana Regeneration 1$Lower Mana Cost 8%$Physical Resist 20%$Fire Resist 18%$Cold Resist 17%$Poison Resist 18%$Energy Resist 17%$Strength Requirement 90$Durability 255 / 255$* Requires The "Stygian Abyss" Expansion$Legendary Artifact$ 
ICCJHTD,VBCJHTD,Arcane Gargish Leather Leggings Of Haste,Legs,Arcane Gargish Leather Leggings Of Haste$Insured$Weight: 5 Stones$Gargoyles Only$Brittle$Casting Focus 2%$Dexterity Bonus 2$Intelligence Bonus 4$Stamina Increase 10$Mana Increase 8$Stamina Regeneration 4$Mana Regeneration 1$Lower Mana Cost 4%$Lower Reagent Cost 5%$Physical Resist 20%$Fire Resist 21%$Cold Resist 22%$Poison Resist 21%$Energy Resist 21%$Strength Requirement 20$Durability 255 / 255$* Requires The "Stygian Abyss" Expansion$Legendary Artifact$ 
XBCJHTD,VBCJHTD,Arcane Leather Sleeves Of Haste,Arms,Arcane Leather Sleeves Of Haste$Insured$Weight: 2 Stones$Brittle$Casting Focus 1%$Dexterity Bonus 4$Intelligence Bonus 4$Stamina Increase 10$Mana Increase 4$Stamina Regeneration 3$Mana Regeneration 3$Lower Mana Cost 8%$Lower Reagent Cost 5%$Physical Resist 17%$Fire Resist 19%$Cold Resist 18%$Poison Resist 18%$Energy Resist 18%$Strength Requirement 20$Durability 255 / 255$* Requires The "Stygian Abyss" Expansion$Legendary Artifact$ 
QBCJHTD,VBCJHTD,Arcane Dragon Turtle Hide Leggings Of Vitality,Legs,Arcane Dragon Turtle Hide Leggings Of Vitality$Insured$Weight: 6 Stones$Brittle$Casting Focus 1%$Strength Bonus 4$Intelligence Bonus 4$Hit Point Increase 5$Mana Increase 6$Hit Point Regeneration 4$Mana Regeneration 3$Lower Mana Cost 2%$Lower Reagent Cost 20%$Physical Resist 19%$Fire Resist 17%$Cold Resist 17%$Poison Resist 19%$Energy Resist 19%$Strength Requirement 30$Durability 255 / 255$* Requires The "Stygian Abyss" Expansion$Legendary Artifact$* Requires The "Time Of Legends" Expansion$ 
SBCJHTD,VBCJHTD,Mystic Bone Arms Of Vitality,Arms,Mystic Bone Arms Of Vitality$Insured$Weight: 2 Stones$Brittle$Strength Bonus 3$Intelligence Bonus 4$Hit Point Increase 7$Mana Increase 8$Mana Regeneration 1$Lower Mana Cost 6%$Physical Resist 18%$Fire Resist 18%$Cold Resist 19%$Poison Resist 17%$Energy Resist 19%$Mage Armor$Strength Requirement 55$Durability 255 / 255$Legendary Artifact$ 
IBCJHTD,VBCJHTD,Mystic Platemail Legs Of Haste,Legs,Mystic Platemail Legs Of Haste$Insured$Weight: 7 Stones$Brittle$Dexterity Bonus 4$Intelligence Bonus 3$Stamina Increase 10$Mana Increase 8$Stamina Regeneration 2$Mana Regeneration 4$Physical Resist 5%$Fire Resist 18%$Cold Resist 17%$Poison Resist 18%$Energy Resist 17%$Mage Armor$Strength Requirement 90$Durability 255 / 255$Legendary Artifact$ 
FBCJHTD,VBCJHTD,Mystic Bone Gloves Of Haste,Gloves,Mystic Bone Gloves Of Haste$Insured$Weight: 1 Stone$Brittle$Dexterity Bonus 4$Intelligence Bonus 2$Stamina Increase 8$Mana Increase 8$Stamina Regeneration 3$Mana Regeneration 4$Lower Mana Cost 4%$Physical Resist 18%$Fire Resist 18%$Cold Resist 19%$Poison Resist 17%$Energy Resist 19%$Mage Armor$Strength Requirement 55$Durability 255 / 255$Legendary Artifact$ 
GBCJHTD,VBCJHTD,Mystic Studded Gloves Of Haste,Gloves,Mystic Studded Gloves Of Haste$Insured$Weight: 1 Stone$Brittle$Dexterity Bonus 4$Intelligence Bonus 4$Stamina Increase 10$Mana Increase 10$Stamina Regeneration 2$Mana Regeneration 1$Lower Mana Cost 4%$Physical Resist 17%$Fire Resist 19%$Cold Resist 18%$Poison Resist 18%$Energy Resist 19%$Mage Armor$Strength Requirement 25$Durability 255 / 255$Legendary Artifact$ 
LBCJHTD,VBCJHTD,Mystic Platemail Gorget Of Haste,Gorget,Mystic Platemail Gorget Of Haste$Insured$Weight: 2 Stones$Brittle$Dexterity Bonus 4$Intelligence Bonus 2$Stamina Increase 10$Mana Increase 8$Stamina Regeneration 3$Mana Regeneration 3$Lower Mana Cost 10%$Physical Resist 20%$Fire Resist 18%$Cold Resist 17%$Poison Resist 18%$Energy Resist 17%$Mage Armor$Strength Requirement 45$Durability 255 / 255$Legendary Artifact$ 
JBCJHTD,VBCJHTD,Arcane Tiger Pelt Leggings Of Haste,Legs,Arcane Tiger Pelt Leggings Of Haste$Insured$Weight: 4 Stones$Brittle$Dexterity Bonus 3$Intelligence Bonus 2$Stamina Increase 10$Mana Increase 8$Stamina Regeneration 3$Lower Mana Cost 4%$Lower Reagent Cost 25%$Physical Resist 18%$Fire Resist 19%$Cold Resist 18%$Poison Resist 18%$Energy Resist 18%$Strength Requirement 25$Durability 255 / 255$Legendary Artifact$* Requires The "Time Of Legends" Expansion$ 
ABCJHTD,VBCJHTD,Arcane Gargish Cloth Leggings Of Vitality,Legs,Arcane Gargish Cloth Leggings Of Vitality$Insured$Weight: 4 Stones$Gargoyles Only$Brittle$Casting Focus 1%$Strength Bonus 4$Intelligence Bonus 3$Hit Point Increase 7$Mana Increase 10$Hit Point Regeneration 2$Mana Regeneration 1$Lower Mana Cost 6%$Lower Reagent Cost 10%$Physical Resist 20%$Fire Resist 22%$Cold Resist 21%$Poison Resist 21%$Energy Resist 21%$Strength Requirement 20$Durability 255 / 255$* Requires The "Stygian Abyss" Expansion$Legendary Artifact$ 
YACJHTD,VBCJHTD,Arcane Dragon Turtle Hide Leggings Of Haste,Legs,Arcane Dragon Turtle Hide Leggings Of Haste$Insured$Weight: 6 Stones$Brittle$Casting Focus 1%$Dexterity Bonus 4$Stamina Increase 10$Mana Increase 4$Stamina Regeneration 3$Mana Regeneration 2$Lower Mana Cost 10%$Lower Reagent Cost 20%$Physical Resist 19%$Fire Resist 17%$Cold Resist 17%$Poison Resist 19%$Energy Resist 19%$Strength Requirement 30$Durability 255 / 255$* Requires The "Stygian Abyss" Expansion$Legendary Artifact$* Requires The "Time Of Legends" Expansion$ 
DBCJHTD,VBCJHTD,Arcane Studded Tunic Of Vitality,Chest,Arcane Studded Tunic Of Vitality$Insured$Weight: 8 Stones$Brittle$Casting Focus 2%$Strength Bonus 4$Intelligence Bonus 4$Hit Point Increase 5$Mana Increase 10$Hit Point Regeneration 3$Lower Mana Cost 6%$Lower Reagent Cost 5%$Physical Resist 17%$Fire Resist 19%$Cold Resist 18%$Poison Resist 18%$Energy Resist 19%$Mage Armor$Strength Requirement 35$Durability 255 / 255$* Requires The "Stygian Abyss" Expansion$Legendary Artifact$ 
PACJHTD,VBCJHTD,Arcane Leather Gloves Of Vitality,Gloves,Arcane Leather Gloves Of Vitality$Insured$Weight: 1 Stone$Brittle$Casting Focus 1%$Strength Bonus 4$Intelligence Bonus 4$Hit Point Increase 5$Mana Increase 8$Hit Point Regeneration 3$Mana Regeneration 1$Lower Mana Cost 4%$Lower Reagent Cost 20%$Physical Resist 17%$Fire Resist 19%$Cold Resist 18%$Poison Resist 18%$Energy Resist 18%$Strength Requirement 20$Durability 255 / 255$* Requires The "Stygian Abyss" Expansion$Legendary Artifact$ 
VACJHTD,VBCJHTD,Arcane Straw Hat Of Haste,Helm,Arcane Straw Hat Of Haste$Insured$Weight: 1 Stone$Brittle$Casting Focus 2%$Dexterity Bonus 5$Intelligence Bonus 1$Stamina Increase 8$Mana Increase 6$Stamina Regeneration 2$Mana Regeneration 3$Lower Mana Cost 8%$Lower Reagent Cost 5%$Physical Resist 15%$Fire Resist 20%$Cold Resist 24%$Poison Resist 20%$Energy Resist 20%$Strength Requirement 10$Durability 255 / 255$* Requires The "Stygian Abyss" Expansion$Legendary Artifact$ 
TACJHTD,VBCJHTD,Mystic Gargish Platemail Kilt Of Haste,Kilt,Mystic Gargish Platemail Kilt Of Haste$Insured$Weight: 5 Stones$Gargoyles Only$Brittle$Dexterity Bonus 4$Intelligence Bonus 5$Stamina Increase 8$Mana Increase 10$Stamina Regeneration 3$Mana Regeneration 1$Lower Mana Cost 2%$Physical Resist 23%$Fire Resist 21%$Cold Resist 20%$Poison Resist 21%$Energy Resist 20%$Mage Armor$Strength Requirement 80$Durability 255 / 255$Legendary Artifact$ 
HACJHTD,VBCJHTD,Mystic Bone Leggings Of Haste,Legs,Mystic Bone Leggings Of Haste$Insured$Weight: 3 Stones$Brittle$Dexterity Bonus 4$Intelligence Bonus 3$Stamina Increase 8$Mana Increase 10$Stamina Regeneration 3$Mana Regeneration 3$Lower Mana Cost 2%$Physical Resist 18%$Fire Resist 18%$Cold Resist 4%$Poison Resist 17%$Energy Resist 19%$Mage Armor$Strength Requirement 55$Durability 255 / 255$Legendary Artifact$ 
IACJHTD,VBCJHTD,Mystic Chainmail Tunic Of Haste,Chest,Mystic Chainmail Tunic Of Haste$Insured$Weight: 7 Stones$Brittle$Dexterity Bonus 5$Intelligence Bonus 3$Stamina Increase 8$Mana Increase 8$Stamina Regeneration 2$Mana Regeneration 3$Lower Mana Cost 8%$Physical Resist 19%$Fire Resist 19%$Cold Resist 19%$Poison Resist 1%$Energy Resist 17%$Mage Armor$Strength Requirement 60$Durability 255 / 255$Legendary Artifact$ 
NACJHTD,VBCJHTD,Mystic Platemail Gorget Of Vitality,Gorget,Mystic Platemail Gorget Of Vitality$Insured$Weight: 2 Stones$Brittle$Strength Bonus 4$Intelligence Bonus 4$Hit Point Increase 5$Mana Increase 4$Hit Point Regeneration 3$Mana Regeneration 1$Lower Mana Cost 10%$Physical Resist 20%$Fire Resist 18%$Cold Resist 17%$Poison Resist 18%$Energy Resist 17%$Mage Armor$Strength Requirement 45$Durability 255 / 255$Legendary Artifact$ 
OACJHTD,VBCJHTD,Arcane Gargish Cloth Leggings Of Haste,Legs,Arcane Gargish Cloth Leggings Of Haste$Insured$Weight: 4 Stones$Gargoyles Only$Casting Focus 2%$Dexterity Bonus 4$Intelligence Bonus 4$Stamina Increase 10$Mana Increase 8$Stamina Regeneration 2$Mana Regeneration 1$Lower Reagent Cost 5%$Physical Resist 20%$Fire Resist 22%$Cold Resist 21%$Poison Resist 21%$Energy Resist 21%$Strength Requirement 20$Durability 35 / 35$* Requires The "Stygian Abyss" Expansion$Legendary Artifact$ 
LACJHTD,VBCJHTD,Arcane Dragon Turtle Hide Bustier Of Haste,Chest,Arcane Dragon Turtle Hide Bustier Of Haste$Insured$Weight: 6 Stones$Brittle$Casting Focus 1%$Dexterity Bonus 4$Intelligence Bonus 1$Stamina Increase 10$Mana Increase 8$Stamina Regeneration 3$Mana Regeneration 2$Lower Mana Cost 10%$Lower Reagent Cost 5%$Physical Resist 19%$Fire Resist 17%$Cold Resist 17%$Poison Resist 19%$Energy Resist 19%$Strength Requirement 30$Durability 255 / 255$* Requires The "Stygian Abyss" Expansion$Legendary Artifact$* Requires The "Time Of Legends" Expansion$ 
DVBJHTD,VBCJHTD,Arcane Leather Sleeves Of Haste,Arms,Arcane Leather Sleeves Of Haste$Insured$Weight: 2 Stones$Brittle$Casting Focus 2%$Dexterity Bonus 4$Intelligence Bonus 4$Stamina Increase 10$Stamina Regeneration 3$Mana Regeneration 1$Lower Mana Cost 8%$Lower Reagent Cost 15%$Physical Resist 17%$Fire Resist 19%$Cold Resist 18%$Poison Resist 18%$Energy Resist 18%$Strength Requirement 20$Durability 255 / 255$* Requires The "Stygian Abyss" Expansion$Legendary Artifact$ 
EVBJHTD,VBCJHTD,Arcane Tiger Pelt Leggings Of Haste,Legs,Arcane Tiger Pelt Leggings Of Haste$Insured$Weight: 4 Stones$Brittle$Casting Focus 2%$Dexterity Bonus 4$Intelligence Bonus 1$Stamina Increase 8$Mana Increase 8$Stamina Regeneration 3$Mana Regeneration 1$Lower Mana Cost 10%$Lower Reagent Cost 5%$Physical Resist 18%$Fire Resist 19%$Cold Resist 18%$Poison Resist 18%$Energy Resist 18%$Strength Requirement 25$Durability 255 / 255$* Requires The "Stygian Abyss" Expansion$Legendary Artifact$* Requires The "Time Of Legends" Expansion$ 
BVBJHTD,VBCJHTD,Arcane Leather Sleeves Of Vitality,Arms,Arcane Leather Sleeves Of Vitality$Insured$Weight: 2 Stones$Brittle$Casting Focus 1%$Strength Bonus 5$Intelligence Bonus 4$Hit Point Increase 5$Mana Increase 8$Hit Point Regeneration 2$Mana Regeneration 1$Lower Mana Cost 8%$Physical Resist 17%$Fire Resist 19%$Cold Resist 18%$Poison Resist 18%$Energy Resist 18%$Strength Requirement 20$Durability 255 / 255$* Requires The "Stygian Abyss" Expansion$Legendary Artifact$ 
DUBJHTD,VBCJHTD,Mystic Ringmail Gloves Of Haste,Gloves,Mystic Ringmail Gloves Of Haste$Insured$Weight: 2 Stones$Brittle$Dexterity Bonus 5$Intelligence Bonus 4$Stamina Increase 8$Mana Increase 2$Stamina Regeneration 3$Mana Regeneration 4$Lower Mana Cost 6%$Physical Resist 18%$Fire Resist 18%$Cold Resist 1%$Poison Resist 20%$Energy Resist 18%$Mage Armor$Strength Requirement 40$Durability 255 / 255$Legendary Artifact$ 
KUBJHTD,VBCJHTD,Arcane Dragon Turtle Hide Chest Of Vitality,Chest,Arcane Dragon Turtle Hide Chest Of Vitality$Insured$Weight: 8 Stones$Brittle$Strength Bonus 4$Intelligence Bonus 2$Hit Point Increase 5$Mana Increase 6$Hit Point Regeneration 3$Mana Regeneration 1$Lower Mana Cost 8%$Lower Reagent Cost 25%$Physical Resist 19%$Fire Resist 17%$Cold Resist 17%$Poison Resist 19%$Energy Resist 19%$Strength Requirement 30$Durability 255 / 255$Legendary Artifact$* Requires The "Time Of Legends" Expansion$ 
IUBJHTD,VBCJHTD,Mystic Platemail Gorget Of Vitality,Gorget,Mystic Platemail Gorget Of Vitality$Insured$Weight: 2 Stones$Brittle$Strength Bonus 4$Intelligence Bonus 4$Hit Point Increase 7$Mana Increase 4$Hit Point Regeneration 1$Mana Regeneration 1$Lower Mana Cost 10%$Physical Resist 20%$Fire Resist 18%$Cold Resist 17%$Poison Resist 18%$Energy Resist 17%$Mage Armor$Strength Requirement 45$Durability 255 / 255$Legendary Artifact$ 
XTBJHTD,VBCJHTD,Arcane Bone Leggings Of Vitality,Legs,Arcane Bone Leggings Of Vitality$Insured$Weight: 3 Stones$Brittle$Casting Focus 1%$Strength Bonus 4$Intelligence Bonus 4$Hit Point Increase 5$Mana Increase 6$Hit Point Regeneration 3$Mana Regeneration 3$Lower Mana Cost 8%$Lower Reagent Cost 5%$Physical Resist 18%$Fire Resist 18%$Cold Resist 19%$Poison Resist 17%$Energy Resist 19%$Strength Requirement 55$Durability 255 / 255$* Requires The "Stygian Abyss" Expansion$Legendary Artifact$ 
WTBJHTD,VBCJHTD,Arcane Tiger Pelt Shorts Of Haste,Legs,Arcane Tiger Pelt Shorts Of Haste$Insured$Weight: 3 Stones$Brittle$Casting Focus 1%$Dexterity Bonus 4$Stamina Increase 8$Mana Increase 8$Stamina Regeneration 3$Mana Regeneration 3$Lower Mana Cost 8%$Lower Reagent Cost 10%$Physical Resist 18%$Fire Resist 19%$Cold Resist 18%$Poison Resist 18%$Energy Resist 18%$Strength Requirement 25$Durability 255 / 255$* Requires The "Stygian Abyss" Expansion$Legendary Artifact$* Requires The "Time Of Legends" Expansion$ 
TTBJHTD,VBCJHTD,Mystic Platemail Gorget Of Haste,Gorget,Mystic Platemail Gorget Of Haste$Insured$Weight: 2 Stones$Brittle$Dexterity Bonus 4$Intelligence Bonus 1$Stamina Increase 8$Mana Increase 8$Stamina Regeneration 3$Mana Regeneration 3$Lower Mana Cost 8%$Physical Resist 20%$Fire Resist 18%$Cold Resist 17%$Poison Resist 18%$Energy Resist 17%$Mage Armor$Strength Requirement 45$Durability 255 / 255$Legendary Artifact$ 
FTBJHTD,VBCJHTD,Mystic Studded Gloves Of Haste,Gloves,Mystic Studded Gloves Of Haste$Insured$Weight: 1 Stone$Brittle$Dexterity Bonus 5$Intelligence Bonus 4$Stamina Increase 10$Mana Increase 2$Stamina Regeneration 1$Mana Regeneration 3$Lower Mana Cost 10%$Physical Resist 17%$Fire Resist 19%$Cold Resist 18%$Poison Resist 18%$Energy Resist 19%$Mage Armor$Strength Requirement 25$Durability 255 / 255$Legendary Artifact$ 
GTBJHTD,VBCJHTD,Arcane Gargish Platemail Arms Of Haste,Arms,Arcane Gargish Platemail Arms Of Haste$Insured$Weight: 5 Stones$Gargoyles Only$Brittle$Casting Focus 2%$Dexterity Bonus 5$Intelligence Bonus 4$Stamina Increase 10$Mana Increase 8$Stamina Regeneration 1$Mana Regeneration 3$Physical Resist 23%$Fire Resist 21%$Cold Resist 20%$Poison Resist 21%$Energy Resist 20%$Mage Armor$Strength Requirement 80$Durability 255 / 255$* Requires The "Stygian Abyss" Expansion$Legendary Artifact$ 
LTBJHTD,VBCJHTD,Arcane Leather Leggings Of Haste,Legs,Arcane Leather Leggings Of Haste$Insured$Weight: 4 Stones$Brittle$Casting Focus 1%$Dexterity Bonus 5$Stamina Increase 10$Mana Increase 4$Mana Regeneration 1$Lower Mana Cost 10%$Lower Reagent Cost 20%$Physical Resist 17%$Fire Resist 19%$Cold Resist 18%$Poison Resist 18%$Energy Resist 18%$Strength Requirement 20$Durability 255 / 255$* Requires The "Stygian Abyss" Expansion$Legendary Artifact$ 
MTBJHTD,VBCJHTD,Mystic Studded Tunic Of Vitality,Chest,Mystic Studded Tunic Of Vitality$Insured$Weight: 8 Stones$Brittle$Strength Bonus 4$Intelligence Bonus 2$Hit Point Increase 5$Mana Increase 10$Hit Point Regeneration 3$Mana Regeneration 3$Lower Mana Cost 6%$Physical Resist 17%$Fire Resist 19%$Cold Resist 18%$Poison Resist 18%$Energy Resist 4%$Mage Armor$Strength Requirement 35$Durability 255 / 255$Legendary Artifact$ 
JTBJHTD,VBCJHTD,Arcane Gargish Cloth Chest Of Haste,Chest,Arcane Gargish Cloth Chest Of Haste$Insured$Weight: 6 Stones$Gargoyles Only$Brittle$Casting Focus 1%$Dexterity Bonus 4$Intelligence Bonus 2$Stamina Increase 8$Mana Increase 10$Stamina Regeneration 4$Mana Regeneration 3$Lower Mana Cost 6%$Lower Reagent Cost 5%$Physical Resist 20%$Fire Resist 22%$Cold Resist 21%$Poison Resist 21%$Energy Resist 21%$Strength Requirement 25$Durability 255 / 255$* Requires The "Stygian Abyss" Expansion$Legendary Artifact$ 
CTBJHTD,VBCJHTD,Arcane Platemail Arms Of Haste,Arms,Arcane Platemail Arms Of Haste$Insured$Weight: 5 Stones$Brittle$Casting Focus 2%$Dexterity Bonus 5$Intelligence Bonus 4$Stamina Increase 10$Stamina Regeneration 1$Mana Regeneration 1$Lower Mana Cost 8%$Lower Reagent Cost 15%$Physical Resist 20%$Fire Resist 18%$Cold Resist 2%$Poison Resist 18%$Energy Resist 17%$Mage Armor$Strength Requirement 80$Durability 255 / 255$* Requires The "Stygian Abyss" Expansion$Legendary Artifact$ 
QXBJHTD,VBCJHTD,Arcane Gargish Cloth Chest Of Vitality,Chest,Arcane Gargish Cloth Chest Of Vitality$Insured$Weight: 6 Stones$Gargoyles Only$Brittle$Strength Bonus 2$Intelligence Bonus 3$Hit Point Increase 6$Mana Increase 8$Hit Point Regeneration 3$Mana Regeneration 1$Lower Mana Cost 8%$Lower Reagent Cost 5%$Physical Resist 20%$Fire Resist 22%$Cold Resist 21%$Poison Resist 21%$Energy Resist 21%$Strength Requirement 25$Durability 255 / 255$Legendary Artifact$ 
NXBJHTD,VBCJHTD,Arcane Studded Gorget Of Vitality,Gorget,Arcane Studded Gorget Of Vitality$Insured$Weight: 1 Stone$Brittle$Damage Eater 12%$Intelligence Bonus 5$Hit Point Increase 5$Mana Increase 8$Hit Point Regeneration 4$Mana Regeneration 1$Lower Mana Cost 8%$Physical Resist 17%$Fire Resist 19%$Cold Resist 18%$Poison Resist 18%$Energy Resist 19%$Mage Armor$Strength Requirement 25$Durability 255 / 255$* Requires The "Stygian Abyss" Expansion$Legendary Artifact$ 
JXBJHTD,VBCJHTD,Arcane Dragon Turtle Hide Helm Of Vitality,Helm,Arcane Dragon Turtle Hide Helm Of Vitality$Insured$Weight: 4 Stones$Brittle$Casting Focus 2%$Strength Bonus 5$Hit Point Increase 5$Mana Increase 8$Hit Point Regeneration 2$Mana Regeneration 1$Lower Mana Cost 8%$Lower Reagent Cost 10%$Physical Resist 19%$Fire Resist 17%$Cold Resist 17%$Poison Resist 19%$Energy Resist 19%$Strength Requirement 30$Durability 255 / 255$* Requires The "Stygian Abyss" Expansion$Legendary Artifact$* Requires The "Time Of Legends" Expansion$ 
KXBJHTD,VBCJHTD,Arcane Dragon Turtle Hide Leggings Of Haste,Legs,Arcane Dragon Turtle Hide Leggings Of Haste$Insured$Weight: 6 Stones$Brittle$Casting Focus 1%$Dexterity Bonus 5$Intelligence Bonus 4$Stamina Increase 10$Mana Increase 8$Stamina Regeneration 1$Lower Mana Cost 8%$Lower Reagent Cost 10%$Physical Resist 19%$Fire Resist 17%$Cold Resist 17%$Poison Resist 19%$Energy Resist 19%$Strength Requirement 30$Durability 255 / 255$* Requires The "Stygian Abyss" Expansion$Legendary Artifact$* Requires The "Time Of Legends" Expansion$ 
ZWBJHTD,VBCJHTD,Arcane Platemail Gloves Of Haste,Gloves,Arcane Platemail Gloves Of Haste$Insured$Weight: 2 Stones$Brittle$Casting Focus 2%$Dexterity Bonus 4$Stamina Increase 10$Mana Increase 8$Stamina Regeneration 3$Mana Regeneration 3$Lower Mana Cost 8%$Physical Resist 20%$Fire Resist 18%$Cold Resist 17%$Poison Resist 18%$Energy Resist 17%$Mage Armor$Strength Requirement 70$Durability 255 / 255$* Requires The "Stygian Abyss" Expansion$Legendary Artifact$ 
YWBJHTD,VBCJHTD,Arcane Leather Cap Of Haste,Helm,Arcane Leather Cap Of Haste$Insured$Weight: 2 Stones$Brittle$Casting Focus 1%$Dexterity Bonus 4$Stamina Increase 8$Mana Increase 10$Stamina Regeneration 3$Mana Regeneration 1$Lower Mana Cost 6%$Lower Reagent Cost 5%$Physical Resist 17%$Fire Resist 19%$Cold Resist 18%$Poison Resist 18%$Energy Resist 18%$Strength Requirement 20$Durability 255 / 255$* Requires The "Stygian Abyss" Expansion$Legendary Artifact$ 
DXBJHTD,VBCJHTD,Arcane Tiger Pelt Long Skirt Of Haste,Legs,Arcane Tiger Pelt Long Skirt Of Haste$Insured$Weight: 1 Stone$Brittle$Casting Focus 1%$Intelligence Bonus 4$Stamina Increase 10$Mana Increase 8$Stamina Regeneration 3$Mana Regeneration 1$Lower Mana Cost 4%$Physical Resist 18%$Fire Resist 19%$Cold Resist 18%$Poison Resist 18%$Energy Resist 18%$Strength Requirement 25$Durability 255 / 255$* Requires The "Stygian Abyss" Expansion$Legendary Artifact$* Requires The "Time Of Legends" Expansion$ 
PWBJHTD,VBCJHTD,Arcane Dragon Turtle Hide Leggings Of Vitality,Legs,Arcane Dragon Turtle Hide Leggings Of Vitality$Insured$Weight: 6 Stones$Brittle$Poison Eater 6%$Strength Bonus 4$Intelligence Bonus 2$Hit Point Increase 7$Mana Increase 6$Mana Regeneration 3$Lower Mana Cost 10%$Lower Reagent Cost 5%$Physical Resist 19%$Fire Resist 17%$Cold Resist 17%$Poison Resist 19%$Energy Resist 19%$Strength Requirement 30$Durability 255 / 255$* Requires The "Stygian Abyss" Expansion$Legendary Artifact$* Requires The "Time Of Legends" Expansion$ 
UWBJHTD,VBCJHTD,Arcane Leather Leggings Of Haste,Legs,Arcane Leather Leggings Of Haste$Insured$Weight: 4 Stones$Brittle$Dexterity Bonus 4$Intelligence Bonus 5$Stamina Increase 10$Mana Increase 2$Lower Reagent Cost 20%$Physical Resist 17%$Fire Resist 19%$Cold Resist 18%$Poison Resist 18%$Energy Resist 18%$Strength Requirement 20$Durability 255 / 255$Legendary Artifact$ 
IWBJHTD,VBCJHTD,Arcane Dragon Turtle Hide Helm Of Haste,Helm,Arcane Dragon Turtle Hide Helm Of Haste$Insured$Weight: 4 Stones$Brittle$Casting Focus 2%$Dexterity Bonus 2$Intelligence Bonus 4$Stamina Increase 10$Mana Increase 8$Stamina Regeneration 3$Lower Mana Cost 2%$Lower Reagent Cost 5%$Physical Resist 19%$Fire Resist 17%$Cold Resist 17%$Poison Resist 19%$Energy Resist 19%$Strength Requirement 30$Durability 255 / 255$* Requires The "Stygian Abyss" Expansion$Legendary Artifact$* Requires The "Time Of Legends" Expansion$ 
EQBJHTD,VBCJHTD,Mystic Chainmail Leggings Of Haste,Legs,Mystic Chainmail Leggings Of Haste$Insured$Weight: 7 Stones$Brittle$Dexterity Bonus 4$Intelligence Bonus 2$Stamina Increase 8$Mana Increase 10$Stamina Regeneration 4$Mana Regeneration 2$Lower Mana Cost 8%$Physical Resist 19%$Fire Resist 19%$Cold Resist 4%$Poison Resist 16%$Energy Resist 17%$Mage Armor$Strength Requirement 60$Durability 255 / 255$Legendary Artifact$ 
YPBJHTD,VBCJHTD,Arcane Studded Tunic Of Vitality,Chest,Arcane Studded Tunic Of Vitality$Insured$Weight: 8 Stones$Brittle$Poison Eater 15%$Casting Focus 1%$Strength Bonus 4$Intelligence Bonus 5$Hit Point Increase 5$Mana Increase 4$Mana Regeneration 1$Lower Mana Cost 8%$Physical Resist 17%$Fire Resist 4%$Cold Resist 18%$Poison Resist 18%$Energy Resist 19%$Mage Armor$Strength Requirement 35$Durability 255 / 255$* Requires The "Stygian Abyss" Expansion$Legendary Artifact$ 
AQBJHTD,VBCJHTD,Arcane Leather Bustier Of Vitality,Chest,Arcane Leather Bustier Of Vitality$Insured$Weight: 1 Stone$Brittle$Casting Focus 1%$Strength Bonus 4$Intelligence Bonus 4$Hit Point Increase 5$Mana Increase 8$Hit Point Regeneration 3$Mana Regeneration 2$Lower Mana Cost 8%$Lower Reagent Cost 5%$Physical Resist 17%$Fire Resist 19%$Cold Resist 18%$Poison Resist 18%$Energy Resist 18%$Strength Requirement 20$Durability 255 / 255$* Requires The "Stygian Abyss" Expansion$Legendary Artifact$ 
PPBJHTD,VBCJHTD,Mystic Ringmail Tunic Of Vitality,Chest,Mystic Ringmail Tunic Of Vitality$Insured$Weight: 15 Stones$Brittle$Strength Bonus 4$Intelligence Bonus 4$Hit Point Increase 5$Mana Increase 10$Hit Point Regeneration 3$Mana Regeneration 1$Lower Mana Cost 6%$Physical Resist 18%$Fire Resist 18%$Cold Resist 16%$Poison Resist 20%$Energy Resist 18%$Mage Armor$Strength Requirement 40$Durability 255 / 255$Legendary Artifact$ 
NPBJHTD,VBCJHTD,Arcane Leather Tunic Of Haste,Chest,Arcane Leather Tunic Of Haste$Insured$Weight: 6 Stones$Brittle$Casting Focus 1%$Dexterity Bonus 4$Intelligence Bonus 4$Stamina Increase 8$Mana Increase 4$Stamina Regeneration 3$Mana Regeneration 1$Lower Mana Cost 8%$Physical Resist 17%$Fire Resist 19%$Cold Resist 18%$Poison Resist 18%$Energy Resist 18%$Strength Requirement 25$Durability 255 / 255$* Requires The "Stygian Abyss" Expansion$Legendary Artifact$ 
RPBJHTD,VBCJHTD,Arcane Gargish Stone Leggings Of Vitality,Legs,Arcane Gargish Stone Leggings Of Vitality$Insured$Weight: 15 Stones$Gargoyles Only$Brittle$Casting Focus 2%$Strength Bonus 4$Intelligence Bonus 4$Hit Point Increase 7$Mana Increase 10$Hit Point Regeneration 2$Mana Regeneration 1$Lower Reagent Cost 10%$Physical Resist 21%$Fire Resist 21%$Cold Resist 19%$Poison Resist 23%$Energy Resist 21%$Mage Armor$Strength Requirement 40$Durability 255 / 255$* Requires The "Stygian Abyss" Expansion$Legendary Artifact$ 
BQBJHTD,VBCJHTD,Arcane Leather Gloves Of Haste,Gloves,Arcane Leather Gloves Of Haste$Insured$Weight: 1 Stone$Brittle$Dexterity Bonus 4$Intelligence Bonus 4$Stamina Increase 8$Mana Increase 6$Stamina Regeneration 3$Mana Regeneration 1$Lower Mana Cost 8%$Lower Reagent Cost 5%$Physical Resist 17%$Fire Resist 19%$Cold Resist 18%$Poison Resist 18%$Energy Resist 18%$Strength Requirement 20$Durability 255 / 255$Legendary Artifact$ 
IPBJHTD,VBCJHTD,Mystic Studded Gloves Of Haste,Gloves,Mystic Studded Gloves Of Haste$Insured$Weight: 1 Stone$Brittle$Dexterity Bonus 4$Intelligence Bonus 4$Stamina Increase 10$Mana Increase 10$Stamina Regeneration 2$Mana Regeneration 1$Lower Mana Cost 6%$Physical Resist 17%$Fire Resist 19%$Cold Resist 18%$Poison Resist 18%$Energy Resist 19%$Mage Armor$Strength Requirement 25$Durability 255 / 255$Legendary Artifact$ 
GPBJHTD,VBCJHTD,Arcane Gargish Platemail Arms Of Haste,Arms,Arcane Gargish Platemail Arms Of Haste$Insured$Weight: 5 Stones$Gargoyles Only$Brittle$Dexterity Bonus 4$Intelligence Bonus 4$Stamina Increase 10$Mana Increase 8$Stamina Regeneration 2$Mana Regeneration 3$Lower Reagent Cost 10%$Physical Resist 23%$Fire Resist 21%$Cold Resist 20%$Poison Resist 21%$Energy Resist 20%$Mage Armor$Strength Requirement 80$Durability 255 / 255$Legendary Artifact$ 
TPBJHTD,VBCJHTD,Arcane Ringmail Leggings Of Vitality,Legs,Arcane Ringmail Leggings Of Vitality$Weight: 15 Stones$Brittle$Casting Focus 1%$Strength Bonus 5$Intelligence Bonus 4$Hit Point Increase 5$Mana Increase 6$Hit Point Regeneration 3$Mana Regeneration 3$Lower Mana Cost 8%$Physical Resist 18%$Fire Resist 18%$Cold Resist 16%$Poison Resist 5%$Energy Resist 18%$Mage Armor$Strength Requirement 40$Durability 255 / 255$* Requires The "Stygian Abyss" Expansion$Legendary Artifact$ 
