NZFPGTD,OEFPGTD,Arcane Leather Tunic Of Haste,Chest,Arcane Leather Tunic Of Haste$Insured$Weight: 6 Stones$Brittle$Casting Focus 1%$Dexterity Bonus 2$Intelligence Bonus 4$Stamina Increase 10$Mana Increase 8$Stamina Regeneration 4$Mana Regeneration 1$Lower Mana Cost 8%$Physical Resist 17%$Fire Resist 19%$Cold Resist 18%$Poison Resist 18%$Energy Resist 18%$Strength Requirement 25$Durability 255 / 255$* Requires The "Stygian Abyss" Expansion$Legendary Artifact$ 
OZFPGTD,OEFPGTD,Arcane Dragon Turtle Hide Leggings Of Vitality,Legs,Arcane Dragon Turtle Hide Leggings Of Vitality$Insured$Weight: 6 Stones$Brittle$Casting Focus 1%$Strength Bonus 4$Intelligence Bonus 2$Hit Point Increase 5$Mana Increase 6$Hit Point Regeneration 3$Mana Regeneration 1$Lower Mana Cost 10%$Lower Reagent Cost 20%$Physical Resist 19%$Fire Resist 17%$Cold Resist 17%$Poison Resist 19%$Energy Resist 19%$Strength Requirement 30$Durability 255 / 255$* Requires The "Stygian Abyss" Expansion$Legendary Artifact$* Requires The "Time Of Legends" Expansion$ 
EZFPGTD,OEFPGTD,Arcane Leather Shorts Of Haste,Legs,Arcane Leather Shorts Of Haste$Insured$Weight: 3 Stones$Brittle$Dexterity Bonus 5$Intelligence Bonus 4$Stamina Increase 10$Mana Increase 8$Mana Regeneration 3$Lower Mana Cost 2%$Lower Reagent Cost 10%$Physical Resist 17%$Fire Resist 19%$Cold Resist 18%$Poison Resist 18%$Energy Resist 18%$Strength Requirement 20$Durability 255 / 255$Legendary Artifact$ 
HZFPGTD,OEFPGTD,Arcane Jester Hat Of Haste,Helm,Arcane Jester Hat Of Haste$Insured$Weight: 1 Stone$Brittle$Dexterity Bonus 5$Intelligence Bonus 4$Stamina Increase 8$Mana Increase 6$Stamina Regeneration 1$Mana Regeneration 1$Lower Mana Cost 8%$Lower Reagent Cost 5%$Physical Resist 15%$Fire Resist 20%$Cold Resist 24%$Poison Resist 20%$Energy Resist 20%$Strength Requirement 10$Durability 255 / 255$Legendary Artifact$ 
VYFPGTD,OEFPGTD,Arcane Tiger Pelt Leggings Of Vitality,Legs,Arcane Tiger Pelt Leggings Of Vitality$Insured$Weight: 4 Stones$Brittle$Cold Eater 12%$Casting Focus 2%$Strength Bonus 4$Hit Point Increase 5$Mana Increase 8$Mana Regeneration 1$Lower Mana Cost 8%$Lower Reagent Cost 5%$Physical Resist 18%$Fire Resist 19%$Cold Resist 18%$Poison Resist 18%$Energy Resist 18%$Strength Requirement 25$Durability 255 / 255$* Requires The "Stygian Abyss" Expansion$Legendary Artifact$* Requires The "Time Of Legends" Expansion$ 
WYFPGTD,OEFPGTD,Mystic Gargish Platemail Kilt Of Haste,Kilt,Mystic Gargish Platemail Kilt Of Haste$Insured$Weight: 5 Stones$Gargoyles Only$Brittle$Dexterity Bonus 5$Intelligence Bonus 3$Stamina Increase 8$Mana Increase 8$Stamina Regeneration 3$Mana Regeneration 3$Lower Mana Cost 8%$Physical Resist 23%$Fire Resist 21%$Cold Resist 20%$Poison Resist 21%$Energy Resist 5%$Mage Armor$Strength Requirement 80$Durability 255 / 255$Legendary Artifact$ 
TYFPGTD,OEFPGTD,Mystic Chainmail Tunic Of Vitality,Chest,Mystic Chainmail Tunic Of Vitality$Insured$Weight: 7 Stones$Brittle$Strength Bonus 4$Intelligence Bonus 4$Hit Point Increase 5$Mana Increase 6$Hit Point Regeneration 3$Mana Regeneration 1$Lower Mana Cost 8%$Physical Resist 19%$Fire Resist 19%$Cold Resist 19%$Poison Resist 16%$Energy Resist 17%$Mage Armor$Strength Requirement 60$Durability 255 / 255$Legendary Artifact$ 
UYFPGTD,OEFPGTD,Arcane Gargish Leather Chest Of Vitality,Chest,Arcane Gargish Leather Chest Of Vitality$Insured$Weight: 8 Stones$Gargoyles Only$Brittle$Strength Bonus 5$Intelligence Bonus 2$Hit Point Increase 5$Mana Increase 10$Hit Point Regeneration 3$Mana Regeneration 3$Lower Mana Cost 8%$Physical Resist 20%$Fire Resist 21%$Cold Resist 22%$Poison Resist 21%$Energy Resist 21%$Strength Requirement 25$Durability 255 / 255$Legendary Artifact$ 
ZYFPGTD,OEFPGTD,Arcane Studded Tunic Of Vitality,Chest,Arcane Studded Tunic Of Vitality$Insured$Weight: 8 Stones$Brittle$Strength Bonus 1$Intelligence Bonus 2$Hit Point Increase 7$Mana Increase 8$Hit Point Regeneration 4$Mana Regeneration 1$Lower Mana Cost 10%$Lower Reagent Cost 20%$Physical Resist 17%$Fire Resist 4%$Cold Resist 18%$Poison Resist 18%$Energy Resist 19%$Mage Armor$Strength Requirement 35$Durability 255 / 255$Legendary Artifact$ 
AZFPGTD,OEFPGTD,Arcane Bone Leggings Of Vitality,Legs,Arcane Bone Leggings Of Vitality$Insured$Weight: 3 Stones$Brittle$Strength Bonus 4$Intelligence Bonus 2$Hit Point Increase 5$Hit Point Regeneration 3$Mana Regeneration 1$Lower Mana Cost 8%$Lower Reagent Cost 25%$Physical Resist 18%$Fire Resist 18%$Cold Resist 19%$Poison Resist 17%$Energy Resist 19%$Mage Armor$Strength Requirement 55$Durability 255 / 255$Legendary Artifact$ 
XYFPGTD,OEFPGTD,Arcane Bone Leggings Of Haste,Legs,Arcane Bone Leggings Of Haste$Insured$Weight: 3 Stones$Brittle$Casting Focus 1%$Dexterity Bonus 4$Intelligence Bonus 4$Stamina Increase 10$Mana Increase 4$Stamina Regeneration 3$Lower Mana Cost 10%$Lower Reagent Cost 5%$Physical Resist 18%$Fire Resist 18%$Cold Resist 19%$Poison Resist 17%$Energy Resist 19%$Strength Requirement 55$Durability 255 / 255$* Requires The "Stygian Abyss" Expansion$Legendary Artifact$ 
EDGPGTD,OEFPGTD,Mystic Gargish Platemail Arms Of Vitality,Arms,Mystic Gargish Platemail Arms Of Vitality$Insured$Weight: 5 Stones$Gargoyles Only$Brittle$Strength Bonus 5$Intelligence Bonus 4$Hit Point Increase 5$Mana Increase 8$Hit Point Regeneration 3$Mana Regeneration 2$Lower Mana Cost 8%$Physical Resist 23%$Fire Resist 21%$Cold Resist 20%$Poison Resist 21%$Energy Resist 20%$Mage Armor$Strength Requirement 80$Durability 255 / 255$Legendary Artifact$ 
CDGPGTD,OEFPGTD,Arcane Ringmail Gloves Of Haste,Gloves,Arcane Ringmail Gloves Of Haste$Insured$Weight: 2 Stones$Brittle$Casting Focus 1%$Dexterity Bonus 4$Intelligence Bonus 4$Stamina Increase 8$Mana Increase 8$Stamina Regeneration 3$Mana Regeneration 1$Lower Mana Cost 8%$Physical Resist 18%$Fire Resist 18%$Cold Resist 16%$Poison Resist 20%$Energy Resist 18%$Strength Requirement 40$Durability 255 / 255$* Requires The "Stygian Abyss" Expansion$Legendary Artifact$ 
HDGPGTD,OEFPGTD,Arcane Gargish Stone Amulet Of Haste,Necklace,Arcane Gargish Stone Amulet Of Haste$Insured$Weight: 1 Stone$Gargoyles Only$Brittle$Casting Focus 1%$Dexterity Bonus 2$Stamina Increase 10$Mana Increase 6$Stamina Regeneration 4$Mana Regeneration 3$Lower Mana Cost 10%$Lower Reagent Cost 5%$Physical Resist 16%$Fire Resist 17%$Cold Resist 17%$Poison Resist 17%$Energy Resist 18%$Durability 255 / 255$* Requires The "Stygian Abyss" Expansion$Legendary Artifact$ 
FDGPGTD,OEFPGTD,Arcane Platemail Legs Of Vitality,Legs,Arcane Platemail Legs Of Vitality$Insured$Weight: 7 Stones$Brittle$Kinetic Eater 15%$Intelligence Bonus 4$Hit Point Increase 7$Mana Increase 8$Hit Point Regeneration 1$Mana Regeneration 1$Lower Mana Cost 8%$Lower Reagent Cost 15%$Physical Resist 5%$Fire Resist 18%$Cold Resist 17%$Poison Resist 18%$Energy Resist 17%$Mage Armor$Strength Requirement 90$Durability 255 / 255$* Requires The "Stygian Abyss" Expansion$Legendary Artifact$ 
VCGPGTD,OEFPGTD,Arcane Leather Gloves Of Haste,Gloves,Arcane Leather Gloves Of Haste$Insured$Weight: 1 Stone$Brittle$Casting Focus 1%$Dexterity Bonus 2$Intelligence Bonus 2$Stamina Increase 10$Mana Increase 10$Stamina Regeneration 4$Mana Regeneration 3$Lower Mana Cost 2%$Lower Reagent Cost 15%$Physical Resist 17%$Fire Resist 19%$Cold Resist 18%$Poison Resist 18%$Energy Resist 18%$Strength Requirement 20$Durability 255 / 255$* Requires The "Stygian Abyss" Expansion$Legendary Artifact$ 
WCGPGTD,OEFPGTD,Arcane Gargish Stone Chest Of Haste,Chest,Arcane Gargish Stone Chest Of Haste$Insured$Weight: 15 Stones$Gargoyles Only$Brittle$Casting Focus 2%$Dexterity Bonus 2$Stamina Increase 10$Mana Increase 2$Stamina Regeneration 4$Mana Regeneration 3$Lower Mana Cost 2%$Lower Reagent Cost 25%$Physical Resist 6%$Fire Resist 21%$Cold Resist 19%$Poison Resist 23%$Energy Resist 21%$Mage Armor$Strength Requirement 40$Durability 255 / 255$* Requires The "Stygian Abyss" Expansion$Legendary Artifact$ 
UCGPGTD,OEFPGTD,Arcane Deer Mask Of Vitality,Helm,Arcane Deer Mask Of Vitality$Insured$Weight: 4 Stones$Brittle$Casting Focus 1%$Strength Bonus 4$Intelligence Bonus 4$Hit Point Increase 5$Mana Increase 4$Hit Point Regeneration 3$Mana Regeneration 1$Lower Mana Cost 8%$Lower Reagent Cost 20%$Physical Resist 17%$Fire Resist 21%$Cold Resist 23%$Poison Resist 16%$Energy Resist 22%$Strength Requirement 10$Durability 255 / 255$* Requires The "Stygian Abyss" Expansion$Legendary Artifact$ 
ZCGPGTD,OEFPGTD,Arcane Leather Sleeves Of Haste,Arms,Arcane Leather Sleeves Of Haste$Insured$Weight: 2 Stones$Brittle$Casting Focus 2%$Dexterity Bonus 4$Stamina Increase 10$Mana Regeneration 1$Lower Mana Cost 8%$Lower Reagent Cost 20%$Physical Resist 17%$Fire Resist 19%$Cold Resist 18%$Poison Resist 18%$Energy Resist 18%$Strength Requirement 20$Durability 255 / 255$* Requires The "Stygian Abyss" Expansion$Legendary Artifact$ 
MCGPGTD,OEFPGTD,Mystic Platemail Arms Of Haste,Arms,Mystic Platemail Arms Of Haste$Insured$Weight: 5 Stones$Brittle$Dexterity Bonus 1$Intelligence Bonus 4$Stamina Increase 10$Mana Increase 2$Stamina Regeneration 4$Mana Regeneration 4$Lower Mana Cost 4%$Physical Resist 20%$Fire Resist 18%$Cold Resist 17%$Poison Resist 18%$Energy Resist 17%$Mage Armor$Strength Requirement 80$Durability 255 / 255$Legendary Artifact$ 
RCGPGTD,OEFPGTD,Arcane Leather Gloves Of Haste,Gloves,Arcane Leather Gloves Of Haste$Insured$Weight: 1 Stone$Brittle$Dexterity Bonus 4$Intelligence Bonus 2$Stamina Increase 8$Mana Increase 8$Stamina Regeneration 3$Mana Regeneration 1$Lower Mana Cost 8%$Lower Reagent Cost 20%$Physical Resist 17%$Fire Resist 19%$Cold Resist 18%$Poison Resist 18%$Energy Resist 18%$Strength Requirement 20$Durability 255 / 255$Legendary Artifact$ 
GCGPGTD,OEFPGTD,Mystic Studded Tunic Of Haste,Chest,Mystic Studded Tunic Of Haste$Insured$Weight: 8 Stones$Brittle$Dexterity Bonus 4$Intelligence Bonus 4$Stamina Increase 8$Mana Increase 4$Stamina Regeneration 3$Mana Regeneration 1$Lower Mana Cost 10%$Physical Resist 17%$Fire Resist 19%$Cold Resist 18%$Poison Resist 18%$Energy Resist 19%$Mage Armor$Strength Requirement 35$Durability 255 / 255$Legendary Artifact$ 
ECGPGTD,OEFPGTD,Arcane Gargish Cloth Kilt Of Haste,Kilt,Arcane Gargish Cloth Kilt Of Haste$Insured$Weight: 2 Stones$Gargoyles Only$Brittle$Casting Focus 1%$Dexterity Bonus 5$Intelligence Bonus 4$Stamina Increase 10$Mana Increase 8$Stamina Regeneration 1$Lower Mana Cost 8%$Lower Reagent Cost 10%$Physical Resist 20%$Fire Resist 22%$Cold Resist 21%$Poison Resist 21%$Energy Resist 21%$Strength Requirement 20$Durability 255 / 255$* Requires The "Stygian Abyss" Expansion$Legendary Artifact$ 
XBGPGTD,OEFPGTD,Studded Sleeves Of Haste,Arms,Studded Sleeves Of Haste$Insured$Weight: 4 Stones$Brittle$Strength Bonus 4$Dexterity Bonus 5$Stamina Increase 10$Stamina Regeneration 1$Hit Chance Increase 1%$Lower Mana Cost 8%$Physical Resist 17%$Fire Resist 19%$Cold Resist 18%$Poison Resist 18%$Energy Resist 19%$Mage Armor$Strength Requirement 25$Durability 255 / 255$Legendary Artifact$ 
VBGPGTD,OEFPGTD,Arcane Gargish Stone Leggings Of Haste,Legs,Arcane Gargish Stone Leggings Of Haste$Insured$Weight: 15 Stones$Gargoyles Only$Brittle$Dexterity Bonus 2$Intelligence Bonus 2$Stamina Increase 10$Mana Increase 2$Stamina Regeneration 4$Mana Regeneration 4$Lower Mana Cost 2%$Lower Reagent Cost 25%$Physical Resist 21%$Fire Resist 21%$Cold Resist 19%$Poison Resist 23%$Energy Resist 6%$Mage Armor$Strength Requirement 40$Durability 255 / 255$Legendary Artifact$ 
BCGPGTD,OEFPGTD,Arcane Tiger Pelt Chest Of Haste,Chest,Arcane Tiger Pelt Chest Of Haste$Insured$Weight: 6 Stones$Brittle$Dexterity Bonus 5$Intelligence Bonus 4$Stamina Increase 8$Mana Increase 8$Stamina Regeneration 2$Mana Regeneration 3$Lower Mana Cost 4%$Lower Reagent Cost 5%$Physical Resist 18%$Fire Resist 19%$Cold Resist 18%$Poison Resist 18%$Energy Resist 18%$Strength Requirement 25$Durability 255 / 255$Legendary Artifact$* Requires The "Time Of Legends" Expansion$ 
CCGPGTD,OEFPGTD,Arcane Dragon Turtle Hide Chest Of Haste,Chest,Arcane Dragon Turtle Hide Chest Of Haste$Insured$Weight: 8 Stones$Brittle$Casting Focus 1%$Dexterity Bonus 4$Intelligence Bonus 1$Stamina Increase 10$Mana Increase 8$Stamina Regeneration 3$Mana Regeneration 4$Lower Mana Cost 2%$Lower Reagent Cost 10%$Physical Resist 19%$Fire Resist 17%$Cold Resist 17%$Poison Resist 19%$Energy Resist 19%$Strength Requirement 30$Durability 255 / 255$* Requires The "Stygian Abyss" Expansion$Legendary Artifact$* Requires The "Time Of Legends" Expansion$ 
ZBGPGTD,OEFPGTD,Arcane Leather Sleeves Of Haste,Arms,Arcane Leather Sleeves Of Haste$Insured$Weight: 2 Stones$Brittle$Casting Focus 1%$Dexterity Bonus 4$Intelligence Bonus 4$Stamina Increase 10$Mana Increase 8$Stamina Regeneration 3$Mana Regeneration 3$Lower Mana Cost 4%$Lower Reagent Cost 5%$Physical Resist 17%$Fire Resist 19%$Cold Resist 18%$Poison Resist 18%$Energy Resist 18%$Strength Requirement 20$Durability 255 / 255$* Requires The "Stygian Abyss" Expansion$Legendary Artifact$ 
RBGPGTD,OEFPGTD,Arcane Tribal Mask Of Haste,Helm,Arcane Tribal Mask Of Haste$Insured$Weight: 2 Stones$Brittle$Casting Focus 1%$Dexterity Bonus 5$Intelligence Bonus 4$Stamina Increase 8$Mana Increase 10$Stamina Regeneration 2$Lower Mana Cost 4%$Lower Reagent Cost 5%$Physical Resist 21%$Fire Resist 24%$Cold Resist 15%$Poison Resist 19%$Energy Resist 20%$Strength Requirement 10$Durability 255 / 255$* Requires The "Stygian Abyss" Expansion$Legendary Artifact$ 
SBGPGTD,OEFPGTD,Arcane Straw Hat Of Haste,Helm,Arcane Straw Hat Of Haste$Insured$Weight: 1 Stone$Brittle$Casting Focus 1%$Dexterity Bonus 4$Intelligence Bonus 4$Stamina Increase 10$Mana Increase 10$Stamina Regeneration 2$Lower Mana Cost 2%$Lower Reagent Cost 10%$Physical Resist 15%$Fire Resist 20%$Cold Resist 24%$Poison Resist 20%$Energy Resist 20%$Strength Requirement 10$Durability 255 / 255$* Requires The "Stygian Abyss" Expansion$Legendary Artifact$ 
HBGPGTD,OEFPGTD,Mystic Studded Gloves Of Haste,Gloves,Mystic Studded Gloves Of Haste$Insured$Weight: 1 Stone$Brittle$Dexterity Bonus 4$Intelligence Bonus 4$Stamina Increase 8$Mana Increase 8$Stamina Regeneration 4$Mana Regeneration 2$Lower Mana Cost 8%$Physical Resist 17%$Fire Resist 19%$Cold Resist 18%$Poison Resist 18%$Energy Resist 19%$Mage Armor$Strength Requirement 25$Durability 255 / 255$Legendary Artifact$ 
IBGPGTD,OEFPGTD,Mystic Gargish Stone Chest Of Haste,Chest,Mystic Gargish Stone Chest Of Haste$Insured$Weight: 15 Stones$Gargoyles Only$Brittle$Dexterity Bonus 5$Intelligence Bonus 4$Stamina Increase 8$Mana Increase 10$Stamina Regeneration 2$Mana Regeneration 3$Lower Mana Cost 2%$Physical Resist 21%$Fire Resist 21%$Cold Resist 19%$Poison Resist 23%$Energy Resist 21%$Mage Armor$Strength Requirement 40$Durability 255 / 255$Legendary Artifact$ 
FBGPGTD,OEFPGTD,Arcane Tiger Pelt Bustier Of Haste,Chest,Arcane Tiger Pelt Bustier Of Haste$Insured$Weight: 6 Stones$Brittle$Casting Focus 1%$Dexterity Bonus 4$Intelligence Bonus 1$Stamina Increase 8$Mana Increase 8$Stamina Regeneration 3$Mana Regeneration 3$Lower Mana Cost 8%$Lower Reagent Cost 10%$Physical Resist 18%$Fire Resist 19%$Cold Resist 18%$Poison Resist 18%$Energy Resist 18%$Strength Requirement 25$Durability 255 / 255$* Requires The "Stygian Abyss" Expansion$Legendary Artifact$* Requires The "Time Of Legends" Expansion$ 
LBGPGTD,OEFPGTD,Arcane Gargish Leather Leggings Of Haste,Legs,Arcane Gargish Leather Leggings Of Haste$Insured$Weight: 5 Stones$Gargoyles Only$Brittle$Casting Focus 1%$Dexterity Bonus 5$Intelligence Bonus 4$Stamina Increase 10$Mana Increase 10$Stamina Regeneration 1$Mana Regeneration 1$Lower Mana Cost 4%$Lower Reagent Cost 5%$Physical Resist 20%$Fire Resist 21%$Cold Resist 22%$Poison Resist 21%$Energy Resist 21%$Strength Requirement 20$Durability 255 / 255$* Requires The "Stygian Abyss" Expansion$Legendary Artifact$ 
JBGPGTD,OEFPGTD,Arcane Gargish Leather Kilt Of Haste,Kilt,Arcane Gargish Leather Kilt Of Haste$Insured$Weight: 5 Stones$Gargoyles Only$Brittle$Casting Focus 1%$Dexterity Bonus 4$Intelligence Bonus 4$Stamina Increase 8$Mana Increase 4$Stamina Regeneration 3$Mana Regeneration 1$Lower Mana Cost 8%$Physical Resist 20%$Fire Resist 21%$Cold Resist 22%$Poison Resist 21%$Energy Resist 21%$Strength Requirement 25$Durability 255 / 255$* Requires The "Stygian Abyss" Expansion$Legendary Artifact$ 
ZAGPGTD,OEFPGTD,Arcane Ringmail Gloves Of Haste,Gloves,Arcane Ringmail Gloves Of Haste$Insured$Weight: 2 Stones$Brittle$Casting Focus 1%$Dexterity Bonus 5$Intelligence Bonus 2$Stamina Increase 8$Mana Increase 10$Stamina Regeneration 2$Lower Mana Cost 8%$Lower Reagent Cost 5%$Physical Resist 18%$Fire Resist 18%$Cold Resist 16%$Poison Resist 20%$Energy Resist 18%$Strength Requirement 40$Durability 255 / 255$* Requires The "Stygian Abyss" Expansion$Legendary Artifact$ 
XVFPGTD,OEFPGTD,Arcane Gargish Leather Kilt Of Haste,Kilt,Arcane Gargish Leather Kilt Of Haste$Insured$Weight: 5 Stones$Gargoyles Only$Brittle$Casting Focus 1%$Dexterity Bonus 4$Intelligence Bonus 5$Stamina Increase 10$Mana Increase 4$Stamina Regeneration 3$Mana Regeneration 1$Lower Mana Cost 8%$Lower Reagent Cost 5%$Physical Resist 20%$Fire Resist 21%$Cold Resist 22%$Poison Resist 21%$Energy Resist 21%$Strength Requirement 25$Durability 255 / 255$* Requires The "Stygian Abyss" Expansion$Legendary Artifact$ 
YVFPGTD,OEFPGTD,Arcane Tiger Pelt Bustier Of Haste,Chest,Arcane Tiger Pelt Bustier Of Haste$Insured$Weight: 6 Stones$Brittle$Dexterity Bonus 4$Intelligence Bonus 3$Stamina Increase 8$Mana Increase 8$Stamina Regeneration 3$Mana Regeneration 1$Lower Mana Cost 8%$Lower Reagent Cost 5%$Physical Resist 18%$Fire Resist 19%$Cold Resist 18%$Poison Resist 18%$Energy Resist 18%$Strength Requirement 25$Durability 255 / 255$Legendary Artifact$* Requires The "Time Of Legends" Expansion$ 
VVFPGTD,OEFPGTD,Mystic Studded Sleeves Of Haste,Arms,Mystic Studded Sleeves Of Haste$Insured$Weight: 4 Stones$Brittle$Dexterity Bonus 5$Intelligence Bonus 5$Stamina Increase 10$Mana Increase 2$Stamina Regeneration 1$Mana Regeneration 2$Lower Mana Cost 8%$Physical Resist 17%$Fire Resist 19%$Cold Resist 18%$Poison Resist 18%$Energy Resist 4%$Mage Armor$Strength Requirement 25$Durability 255 / 255$Legendary Artifact$ 
LVFPGTD,OEFPGTD,Arcane Gargish Platemail Leggings Of Haste,Legs,Arcane Gargish Platemail Leggings Of Haste$Insured$Weight: 7 Stones$Gargoyles Only$Brittle$Dexterity Bonus 4$Intelligence Bonus 5$Stamina Increase 10$Mana Increase 10$Stamina Regeneration 3$Lower Mana Cost 2%$Lower Reagent Cost 5%$Physical Resist 23%$Fire Resist 21%$Cold Resist 20%$Poison Resist 21%$Energy Resist 20%$Mage Armor$Strength Requirement 90$Durability 255 / 255$Legendary Artifact$ 
BVFPGTD,OEFPGTD,Arcane Tiger Pelt Shorts Of Haste,Legs,Arcane Tiger Pelt Shorts Of Haste$Insured$Weight: 3 Stones$Brittle$Casting Focus 2%$Dexterity Bonus 4$Intelligence Bonus 2$Stamina Increase 8$Mana Increase 8$Stamina Regeneration 3$Mana Regeneration 1$Lower Mana Cost 8%$Physical Resist 18%$Fire Resist 19%$Cold Resist 18%$Poison Resist 18%$Energy Resist 18%$Strength Requirement 25$Durability 255 / 255$* Requires The "Stygian Abyss" Expansion$Legendary Artifact$* Requires The "Time Of Legends" Expansion$ 
CVFPGTD,OEFPGTD,Mystic Gargish Platemail Arms Of Haste,Arms,Mystic Gargish Platemail Arms Of Haste$Insured$Weight: 5 Stones$Gargoyles Only$Brittle$Dexterity Bonus 5$Intelligence Bonus 4$Stamina Increase 8$Mana Increase 8$Stamina Regeneration 2$Mana Regeneration 3$Lower Mana Cost 4%$Physical Resist 23%$Fire Resist 21%$Cold Resist 20%$Poison Resist 21%$Energy Resist 20%$Mage Armor$Strength Requirement 80$Durability 255 / 255$Legendary Artifact$ 
HVFPGTD,OEFPGTD,Arcane Bone Leggings Of Haste,Legs,Arcane Bone Leggings Of Haste$Insured$Weight: 3 Stones$Brittle$Dexterity Bonus 4$Intelligence Bonus 5$Stamina Increase 10$Mana Increase 2$Stamina Regeneration 3$Mana Regeneration 4$Lower Reagent Cost 5%$Physical Resist 18%$Fire Resist 18%$Cold Resist 19%$Poison Resist 17%$Energy Resist 19%$Mage Armor$Strength Requirement 55$Durability 255 / 255$Legendary Artifact$ 
CWFPGTD,OEFPGTD,Arcane Gargish Cloth Leggings Of Haste,Legs,Arcane Gargish Cloth Leggings Of Haste$Insured$Weight: 4 Stones$Gargoyles Only$Brittle$Dexterity Bonus 5$Intelligence Bonus 2$Stamina Increase 8$Mana Increase 10$Stamina Regeneration 1$Lower Mana Cost 8%$Lower Reagent Cost 5%$Physical Resist 20%$Fire Resist 22%$Cold Resist 21%$Poison Resist 21%$Energy Resist 21%$Strength Requirement 20$Durability 255 / 255$Legendary Artifact$ 
UQFPGTD,OEFPGTD,Arcane Tiger Pelt Skirt Of Haste,Legs,Arcane Tiger Pelt Skirt Of Haste$Insured$Weight: 1 Stone$Brittle$Dexterity Bonus 5$Intelligence Bonus 4$Stamina Increase 8$Mana Increase 4$Mana Regeneration 1$Lower Mana Cost 8%$Lower Reagent Cost 5%$Physical Resist 18%$Fire Resist 19%$Cold Resist 18%$Poison Resist 18%$Energy Resist 18%$Strength Requirement 25$Durability 255 / 255$Legendary Artifact$* Requires The "Time Of Legends" Expansion$ 
XQFPGTD,OEFPGTD,Mystic Platemail Gorget Of Haste,Gorget,Mystic Platemail Gorget Of Haste$Insured$Weight: 2 Stones$Brittle$Dexterity Bonus 4$Intelligence Bonus 4$Stamina Increase 10$Mana Increase 2$Stamina Regeneration 2$Mana Regeneration 3$Lower Mana Cost 8%$Physical Resist 20%$Fire Resist 18%$Cold Resist 17%$Poison Resist 18%$Energy Resist 17%$Mage Armor$Strength Requirement 45$Durability 255 / 255$Legendary Artifact$ 
FQFPGTD,OEFPGTD,Mystic Chainmail Coif Of Haste,Helm,Mystic Chainmail Coif Of Haste$Insured$Weight: 7 Stones$Brittle$Dexterity Bonus 4$Intelligence Bonus 5$Stamina Increase 10$Mana Increase 4$Stamina Regeneration 2$Mana Regeneration 1$Lower Mana Cost 8%$Physical Resist 19%$Fire Resist 19%$Cold Resist 19%$Poison Resist 16%$Energy Resist 17%$Mage Armor$Strength Requirement 60$Durability 255 / 255$Legendary Artifact$ 
HQFPGTD,OEFPGTD,Arcane Gargish Stone Chest Of Haste,Chest,Arcane Gargish Stone Chest Of Haste$Insured$Weight: 15 Stones$Gargoyles Only$Brittle$Casting Focus 2%$Dexterity Bonus 3$Stamina Increase 8$Mana Increase 8$Stamina Regeneration 4$Mana Regeneration 1$Lower Mana Cost 8%$Lower Reagent Cost 10%$Physical Resist 21%$Fire Resist 21%$Cold Resist 19%$Poison Resist 23%$Energy Resist 21%$Strength Requirement 40$Durability 255 / 255$* Requires The "Stygian Abyss" Expansion$Legendary Artifact$ 
NPFPGTD,OEFPGTD,Arcane Tiger Pelt Long Skirt Of Haste,Legs,Arcane Tiger Pelt Long Skirt Of Haste$Insured$Weight: 1 Stone$Brittle$Casting Focus 2%$Dexterity Bonus 4$Intelligence Bonus 2$Stamina Increase 10$Stamina Regeneration 3$Mana Regeneration 1$Lower Mana Cost 10%$Lower Reagent Cost 20%$Physical Resist 18%$Fire Resist 19%$Cold Resist 18%$Poison Resist 18%$Energy Resist 18%$Strength Requirement 25$Durability 255 / 255$* Requires The "Stygian Abyss" Expansion$Legendary Artifact$* Requires The "Time Of Legends" Expansion$ 
OPFPGTD,OEFPGTD,Mystic Studded Gloves Of Haste,Gloves,Mystic Studded Gloves Of Haste$Insured$Weight: 1 Stone$Brittle$Dexterity Bonus 4$Intelligence Bonus 4$Stamina Increase 10$Mana Increase 6$Stamina Regeneration 2$Mana Regeneration 1$Lower Mana Cost 10%$Physical Resist 17%$Fire Resist 19%$Cold Resist 18%$Poison Resist 18%$Energy Resist 19%$Mage Armor$Strength Requirement 25$Durability 255 / 255$Legendary Artifact$ 
CPFPGTD,OEFPGTD,Arcane Chainmail Coif Of Haste,Helm,Arcane Chainmail Coif Of Haste$Insured$Weight: 7 Stones$Brittle$Dexterity Bonus 4$Stamina Increase 8$Mana Increase 8$Stamina Regeneration 3$Mana Regeneration 4$Lower Mana Cost 6%$Lower Reagent Cost 5%$Physical Resist 19%$Fire Resist 19%$Cold Resist 19%$Poison Resist 1%$Energy Resist 17%$Mage Armor$Strength Requirement 60$Durability 255 / 255$Legendary Artifact$ 
HTFPGTD,OEFPGTD,Arcane Studded Tunic Of Haste,Chest,Arcane Studded Tunic Of Haste$Insured$Weight: 8 Stones$Brittle$Dexterity Bonus 3$Intelligence Bonus 4$Stamina Increase 10$Mana Increase 8$Stamina Regeneration 3$Mana Regeneration 1$Lower Reagent Cost 20%$Physical Resist 17%$Fire Resist 19%$Cold Resist 18%$Poison Resist 18%$Energy Resist 19%$Mage Armor$Strength Requirement 35$Durability 255 / 255$Legendary Artifact$ 
ITFPGTD,OEFPGTD,Mystic Gargish Stone Leggings Of Haste,Legs,Mystic Gargish Stone Leggings Of Haste$Insured$Weight: 15 Stones$Gargoyles Only$Brittle$Dexterity Bonus 4$Intelligence Bonus 3$Stamina Increase 8$Mana Increase 10$Stamina Regeneration 3$Mana Regeneration 3$Lower Mana Cost 2%$Physical Resist 21%$Fire Resist 21%$Cold Resist 19%$Poison Resist 23%$Energy Resist 21%$Mage Armor$Strength Requirement 40$Durability 255 / 255$Legendary Artifact$ 
FTFPGTD,OEFPGTD,Mystic Gargish Platemail Arms Of Haste,Arms,Mystic Gargish Platemail Arms Of Haste$Insured$Weight: 5 Stones$Gargoyles Only$Brittle$Dexterity Bonus 4$Stamina Increase 8$Mana Increase 10$Stamina Regeneration 4$Mana Regeneration 3$Lower Mana Cost 8%$Physical Resist 8%$Fire Resist 21%$Cold Resist 20%$Poison Resist 21%$Energy Resist 20%$Mage Armor$Strength Requirement 80$Durability 255 / 255$Legendary Artifact$ 
DTFPGTD,OEFPGTD,Arcane Gargish Platemail Chest Of Haste,Chest,Arcane Gargish Platemail Chest Of Haste$Insured$Weight: 10 Stones$Gargoyles Only$Brittle$Dexterity Bonus 5$Intelligence Bonus 4$Stamina Increase 10$Mana Increase 4$Stamina Regeneration 1$Mana Regeneration 1$Lower Mana Cost 8%$Lower Reagent Cost 20%$Physical Resist 23%$Fire Resist 21%$Cold Resist 20%$Poison Resist 21%$Energy Resist 5%$Mage Armor$Strength Requirement 95$Durability 255 / 255$Legendary Artifact$ 
CTFPGTD,OEFPGTD,Arcane Leather Skirt Of Haste,Legs,Arcane Leather Skirt Of Haste$Insured$Weight: 1 Stone$Brittle$Casting Focus 1%$Dexterity Bonus 4$Intelligence Bonus 4$Stamina Increase 8$Mana Increase 8$Stamina Regeneration 3$Lower Mana Cost 6%$Lower Reagent Cost 15%$Physical Resist 17%$Fire Resist 19%$Cold Resist 18%$Poison Resist 18%$Energy Resist 18%$Strength Requirement 20$Durability 255 / 255$* Requires The "Stygian Abyss" Expansion$Legendary Artifact$ 
PSFPGTD,OEFPGTD,Arcane Gargish Leather Kilt Of Haste,Kilt,Arcane Gargish Leather Kilt Of Haste$Insured$Weight: 5 Stones$Gargoyles Only$Brittle$Casting Focus 1%$Dexterity Bonus 2$Intelligence Bonus 4$Stamina Increase 10$Mana Increase 4$Stamina Regeneration 4$Mana Regeneration 1$Lower Mana Cost 10%$Lower Reagent Cost 5%$Physical Resist 20%$Fire Resist 21%$Cold Resist 22%$Poison Resist 21%$Energy Resist 21%$Strength Requirement 25$Durability 255 / 255$* Requires The "Stygian Abyss" Expansion$Legendary Artifact$ 
QSFPGTD,OEFPGTD,Mystic Chainmail Leggings Of Haste,Legs,Mystic Chainmail Leggings Of Haste$Insured$Weight: 7 Stones$Brittle$Dexterity Bonus 5$Intelligence Bonus 5$Stamina Increase 8$Mana Increase 6$Stamina Regeneration 2$Mana Regeneration 1$Lower Mana Cost 8%$Physical Resist 19%$Fire Resist 19%$Cold Resist 19%$Poison Resist 16%$Energy Resist 17%$Mage Armor$Strength Requirement 60$Durability 255 / 255$Legendary Artifact$ 
VSFPGTD,OEFPGTD,Arcane Gargish Leather Arms Of Haste,Arms,Arcane Gargish Leather Arms Of Haste$Insured$Weight: 4 Stones$Gargoyles Only$Brittle$Casting Focus 2%$Dexterity Bonus 4$Intelligence Bonus 1$Stamina Increase 10$Mana Increase 2$Stamina Regeneration 3$Mana Regeneration 4$Lower Mana Cost 8%$Lower Reagent Cost 5%$Physical Resist 20%$Fire Resist 21%$Cold Resist 22%$Poison Resist 21%$Energy Resist 21%$Strength Requirement 25$Durability 255 / 255$* Requires The "Stygian Abyss" Expansion$Legendary Artifact$ 
TSFPGTD,OEFPGTD,Mystic Studded Gorget Of Haste,Gorget,Mystic Studded Gorget Of Haste$Insured$Weight: 1 Stone$Brittle$Dexterity Bonus 4$Intelligence Bonus 4$Stamina Increase 8$Mana Increase 8$Stamina Regeneration 3$Mana Regeneration 1$Lower Mana Cost 8%$Physical Resist 17%$Fire Resist 19%$Cold Resist 18%$Poison Resist 18%$Energy Resist 19%$Mage Armor$Strength Requirement 25$Durability 255 / 255$Legendary Artifact$ 
NSFPGTD,OEFPGTD,Arcane Tiger Pelt Skirt Of Haste,Legs,Arcane Tiger Pelt Skirt Of Haste$Insured$Weight: 1 Stone$Brittle$Casting Focus 2%$Dexterity Bonus 4$Intelligence Bonus 3$Stamina Increase 8$Mana Increase 8$Stamina Regeneration 3$Mana Regeneration 1$Lower Mana Cost 8%$Lower Reagent Cost 5%$Physical Resist 18%$Fire Resist 19%$Cold Resist 18%$Poison Resist 18%$Energy Resist 18%$Strength Requirement 25$Durability 255 / 255$* Requires The "Stygian Abyss" Expansion$Legendary Artifact$* Requires The "Time Of Legends" Expansion$ 
OSFPGTD,OEFPGTD,Mystic Gargish Platemail Chest Of Haste,Chest,Mystic Gargish Platemail Chest Of Haste$Insured$Weight: 10 Stones$Gargoyles Only$Brittle$Dexterity Bonus 4$Intelligence Bonus 2$Stamina Increase 10$Mana Increase 10$Stamina Regeneration 2$Mana Regeneration 3$Lower Mana Cost 2%$Physical Resist 23%$Fire Resist 21%$Cold Resist 20%$Poison Resist 21%$Energy Resist 20%$Mage Armor$Strength Requirement 95$Durability 255 / 255$Legendary Artifact$ 
LSFPGTD,OEFPGTD,Arcane Gargish Cloth Chest Of Haste,Chest,Arcane Gargish Cloth Chest Of Haste$Insured$Weight: 6 Stones$Gargoyles Only$Brittle$Casting Focus 1%$Dexterity Bonus 5$Stamina Increase 8$Mana Increase 8$Stamina Regeneration 1$Mana Regeneration 1$Lower Mana Cost 10%$Lower Reagent Cost 5%$Physical Resist 20%$Fire Resist 22%$Cold Resist 21%$Poison Resist 21%$Energy Resist 21%$Strength Requirement 25$Durability 255 / 255$* Requires The "Stygian Abyss" Expansion$Legendary Artifact$ 
ZRFPGTD,OEFPGTD,Arcane Leather Skirt Of Vitality,Legs,Arcane Leather Skirt Of Vitality$Insured$Weight: 1 Stone$Brittle$Casting Focus 1%$Strength Bonus 5$Intelligence Bonus 2$Hit Point Increase 6$Mana Increase 8$Hit Point Regeneration 1$Mana Regeneration 1$Lower Mana Cost 10%$Lower Reagent Cost 10%$Physical Resist 17%$Fire Resist 19%$Cold Resist 18%$Poison Resist 18%$Energy Resist 18%$Strength Requirement 20$Durability 255 / 255$* Requires The "Stygian Abyss" Expansion$Legendary Artifact$ 
ASFPGTD,OEFPGTD,Arcane Tiger Pelt Shorts Of Haste,Legs,Arcane Tiger Pelt Shorts Of Haste$Insured$Weight: 3 Stones$Brittle$Dexterity Bonus 5$Intelligence Bonus 5$Stamina Increase 8$Mana Increase 4$Stamina Regeneration 2$Mana Regeneration 1$Lower Mana Cost 8%$Lower Reagent Cost 5%$Physical Resist 18%$Fire Resist 19%$Cold Resist 18%$Poison Resist 18%$Energy Resist 18%$Strength Requirement 25$Durability 255 / 255$Legendary Artifact$* Requires The "Time Of Legends" Expansion$ 
NRFPGTD,OEFPGTD,Arcane Gargish Leather Leggings Of Haste,Legs,Arcane Gargish Leather Leggings Of Haste$Insured$Weight: 5 Stones$Gargoyles Only$Brittle$Casting Focus 3%$Dexterity Bonus 4$Intelligence Bonus 3$Stamina Increase 10$Mana Increase 2$Stamina Regeneration 3$Mana Regeneration 1$Lower Reagent Cost 20%$Physical Resist 20%$Fire Resist 21%$Cold Resist 22%$Poison Resist 21%$Energy Resist 21%$Strength Requirement 20$Durability 255 / 255$* Requires The "Stygian Abyss" Expansion$Legendary Artifact$ 
ORFPGTD,OEFPGTD,Arcane Leather Cap Of Haste,Helm,Arcane Leather Cap Of Haste$Insured$Weight: 2 Stones$Brittle$Casting Focus 1%$Dexterity Bonus 4$Intelligence Bonus 4$Stamina Increase 8$Mana Increase 4$Stamina Regeneration 4$Mana Regeneration 1$Lower Mana Cost 8%$Lower Reagent Cost 20%$Physical Resist 17%$Fire Resist 19%$Cold Resist 18%$Poison Resist 18%$Energy Resist 18%$Strength Requirement 20$Durability 255 / 255$* Requires The "Stygian Abyss" Expansion$Legendary Artifact$ 
ERFPGTD,OEFPGTD,Arcane Wizard's Hat Of Haste,Helm,Arcane Wizard's Hat Of Haste$Insured$Weight: 1 Stone$Brittle$Casting Focus 3%$Dexterity Bonus 5$Intelligence Bonus 2$Stamina Increase 10$Mana Increase 2$Stamina Regeneration 1$Mana Regeneration 1$Lower Mana Cost 4%$Lower Reagent Cost 20%$Physical Resist 15%$Fire Resist 20%$Cold Resist 24%$Poison Resist 20%$Energy Resist 20%$Strength Requirement 10$Durability 255 / 255$* Requires The "Stygian Abyss" Expansion$Legendary Artifact$ 
LKFPGTD,OEFPGTD,Arcane Studded Gorget Of Haste,Gorget,Arcane Studded Gorget Of Haste$Insured$Weight: 1 Stone$Brittle$Casting Focus 1%$Dexterity Bonus 4$Stamina Increase 8$Mana Increase 8$Stamina Regeneration 3$Mana Regeneration 1$Lower Mana Cost 10%$Lower Reagent Cost 5%$Physical Resist 17%$Fire Resist 19%$Cold Resist 18%$Poison Resist 18%$Energy Resist 19%$Strength Requirement 25$Durability 255 / 255$* Requires The "Stygian Abyss" Expansion$Legendary Artifact$ 
MKFPGTD,OEFPGTD,Arcane Studded Gloves Of Haste,Gloves,Arcane Studded Gloves Of Haste$Insured$Weight: 1 Stone$Brittle$Dexterity Bonus 4$Intelligence Bonus 4$Stamina Increase 10$Mana Increase 4$Stamina Regeneration 2$Lower Mana Cost 10%$Lower Reagent Cost 5%$Physical Resist 17%$Fire Resist 19%$Cold Resist 18%$Poison Resist 18%$Energy Resist 19%$Mage Armor$Strength Requirement 25$Durability 255 / 255$Legendary Artifact$ 
FKFPGTD,OEFPGTD,Arcane Jester Hat Of Haste,Helm,Arcane Jester Hat Of Haste$Insured$Weight: 1 Stone$Brittle$Casting Focus 2%$Dexterity Bonus 4$Stamina Increase 8$Mana Increase 8$Stamina Regeneration 3$Mana Regeneration 1$Lower Mana Cost 8%$Lower Reagent Cost 5%$Physical Resist 15%$Fire Resist 20%$Cold Resist 24%$Poison Resist 20%$Energy Resist 20%$Strength Requirement 10$Durability 255 / 255$* Requires The "Stygian Abyss" Expansion$Legendary Artifact$ 
SJFPGTD,OEFPGTD,Arcane Bascinet Of Haste,Helm,Arcane Bascinet Of Haste$Insured$Weight: 5 Stones$Brittle$Dexterity Bonus 5$Intelligence Bonus 4$Stamina Increase 10$Mana Increase 8$Stamina Regeneration 1$Mana Regeneration 2$Lower Mana Cost 8%$Physical Resist 22%$Fire Resist 17%$Cold Resist 17%$Poison Resist 17%$Energy Resist 17%$Mage Armor$Strength Requirement 40$Durability 255 / 255$Legendary Artifact$ 
XJFPGTD,OEFPGTD,Arcane Tiger Pelt Leggings Of Haste,Legs,Arcane Tiger Pelt Leggings Of Haste$Insured$Weight: 4 Stones$Brittle$Casting Focus 2%$Dexterity Bonus 5$Stamina Increase 10$Mana Increase 2$Stamina Regeneration 1$Mana Regeneration 3$Lower Mana Cost 8%$Lower Reagent Cost 20%$Physical Resist 18%$Fire Resist 19%$Cold Resist 18%$Poison Resist 18%$Energy Resist 18%$Strength Requirement 25$Durability 255 / 255$* Requires The "Stygian Abyss" Expansion$Legendary Artifact$* Requires The "Time Of Legends" Expansion$ 
YJFPGTD,OEFPGTD,Arcane Tiger Pelt Helm Of Haste,Helm,Arcane Tiger Pelt Helm Of Haste$Insured$Weight: 4 Stones$Brittle$Casting Focus 1%$Dexterity Bonus 3$Intelligence Bonus 4$Stamina Increase 10$Mana Increase 8$Stamina Regeneration 3$Lower Mana Cost 6%$Lower Reagent Cost 5%$Physical Resist 18%$Fire Resist 19%$Cold Resist 18%$Poison Resist 18%$Energy Resist 18%$Strength Requirement 25$Durability 255 / 255$* Requires The "Stygian Abyss" Expansion$Legendary Artifact$* Requires The "Time Of Legends" Expansion$ 
WJFPGTD,OEFPGTD,Arcane Leather Gloves Of Haste,Gloves,Arcane Leather Gloves Of Haste$Insured$Weight: 1 Stone$Brittle$Casting Focus 1%$Dexterity Bonus 4$Intelligence Bonus 4$Stamina Increase 8$Mana Increase 8$Stamina Regeneration 3$Mana Regeneration 1$Lower Mana Cost 8%$Lower Reagent Cost 5%$Physical Resist 17%$Fire Resist 19%$Cold Resist 18%$Poison Resist 18%$Energy Resist 18%$Strength Requirement 20$Durability 255 / 255$* Requires The "Stygian Abyss" Expansion$Legendary Artifact$ 
IOFPGTD,OEFPGTD,Arcane Gargish Leather Kilt Of Haste,Kilt,Arcane Gargish Leather Kilt Of Haste$Insured$Weight: 5 Stones$Gargoyles Only$Brittle$Dexterity Bonus 4$Stamina Increase 10$Mana Increase 10$Stamina Regeneration 2$Mana Regeneration 2$Lower Mana Cost 2%$Lower Reagent Cost 20%$Physical Resist 20%$Fire Resist 21%$Cold Resist 22%$Poison Resist 21%$Energy Resist 21%$Strength Requirement 25$Durability 255 / 255$Legendary Artifact$ 
NOFPGTD,OEFPGTD,Arcane Dragon Turtle Hide Helm Of Haste,Helm,Arcane Dragon Turtle Hide Helm Of Haste$Insured$Weight: 4 Stones$Brittle$Casting Focus 2%$Dexterity Bonus 2$Stamina Increase 10$Mana Increase 2$Stamina Regeneration 3$Mana Regeneration 1$Lower Mana Cost 4%$Lower Reagent Cost 25%$Physical Resist 19%$Fire Resist 17%$Cold Resist 17%$Poison Resist 19%$Energy Resist 19%$Strength Requirement 30$Durability 255 / 255$* Requires The "Stygian Abyss" Expansion$Legendary Artifact$* Requires The "Time Of Legends" Expansion$ 
LOFPGTD,OEFPGTD,Mystic Ringmail Sleeves Of Haste,Arms,Mystic Ringmail Sleeves Of Haste$Insured$Weight: 10 Stones$Brittle$Dexterity Bonus 5$Intelligence Bonus 2$Stamina Increase 10$Mana Increase 2$Stamina Regeneration 1$Mana Regeneration 4$Lower Mana Cost 10%$Physical Resist 18%$Fire Resist 18%$Cold Resist 16%$Poison Resist 20%$Energy Resist 18%$Mage Armor$Strength Requirement 40$Durability 255 / 255$Legendary Artifact$ 
MOFPGTD,OEFPGTD,Arcane Leather Gloves Of Haste,Gloves,Arcane Leather Gloves Of Haste$Insured$Weight: 1 Stone$Brittle$Casting Focus 1%$Dexterity Bonus 4$Stamina Increase 10$Mana Increase 8$Stamina Regeneration 2$Mana Regeneration 1$Lower Mana Cost 8%$Lower Reagent Cost 20%$Physical Resist 17%$Fire Resist 19%$Cold Resist 18%$Poison Resist 18%$Energy Resist 18%$Strength Requirement 20$Durability 255 / 255$* Requires The "Stygian Abyss" Expansion$Legendary Artifact$ 
BOFPGTD,OEFPGTD,Mystic Ringmail Tunic Of Haste,Chest,Mystic Ringmail Tunic Of Haste$Insured$Weight: 15 Stones$Brittle$Dexterity Bonus 5$Intelligence Bonus 5$Stamina Increase 10$Mana Increase 2$Stamina Regeneration 1$Lower Mana Cost 10%$Physical Resist 18%$Fire Resist 3%$Cold Resist 16%$Poison Resist 20%$Energy Resist 18%$Mage Armor$Strength Requirement 40$Durability 255 / 255$Legendary Artifact$ 
AOFPGTD,OEFPGTD,Mystic Platemail Gorget Of Haste,Gorget,Mystic Platemail Gorget Of Haste$Insured$Weight: 2 Stones$Brittle$Dexterity Bonus 4$Intelligence Bonus 4$Stamina Increase 8$Mana Increase 8$Stamina Regeneration 4$Mana Regeneration 2$Lower Mana Cost 8%$Physical Resist 20%$Fire Resist 18%$Cold Resist 17%$Poison Resist 18%$Energy Resist 17%$Mage Armor$Strength Requirement 45$Durability 255 / 255$Legendary Artifact$ 
DOFPGTD,OEFPGTD,Arcane Studded Gorget Of Haste,Gorget,Arcane Studded Gorget Of Haste$Insured$Weight: 1 Stone$Brittle$Casting Focus 2%$Dexterity Bonus 4$Intelligence Bonus 1$Stamina Increase 8$Mana Increase 8$Stamina Regeneration 3$Lower Mana Cost 8%$Lower Reagent Cost 15%$Physical Resist 17%$Fire Resist 19%$Cold Resist 18%$Poison Resist 18%$Energy Resist 4%$Mage Armor$Strength Requirement 25$Durability 255 / 255$* Requires The "Stygian Abyss" Expansion$Legendary Artifact$ 
EOFPGTD,OEFPGTD,Mystic Orc Helm Of Haste,Helm,Mystic Orc Helm Of Haste$Insured$Weight: 5 Stones$Brittle$Dexterity Bonus 4$Intelligence Bonus 4$Stamina Increase 8$Mana Increase 10$Stamina Regeneration 3$Mana Regeneration 1$Lower Mana Cost 6%$Physical Resist 18%$Fire Resist 16%$Cold Resist 18%$Poison Resist 18%$Energy Resist 20%$Mage Armor$Strength Requirement 30$Durability 255 / 255$Legendary Artifact$ 
TNFPGTD,OEFPGTD,Arcane Gargish Leather Leggings Of Haste,Legs,Arcane Gargish Leather Leggings Of Haste$Insured$Weight: 5 Stones$Gargoyles Only$Brittle$Casting Focus 1%$Dexterity Bonus 4$Stamina Increase 8$Mana Increase 8$Stamina Regeneration 3$Mana Regeneration 2$Lower Mana Cost 10%$Lower Reagent Cost 5%$Physical Resist 20%$Fire Resist 21%$Cold Resist 22%$Poison Resist 21%$Energy Resist 21%$Strength Requirement 20$Durability 255 / 255$* Requires The "Stygian Abyss" Expansion$Legendary Artifact$ 
PNFPGTD,OEFPGTD,Arcane Studded Gloves Of Haste,Gloves,Arcane Studded Gloves Of Haste$Insured$Weight: 1 Stone$Brittle$Casting Focus 2%$Dexterity Bonus 4$Intelligence Bonus 4$Stamina Increase 10$Stamina Regeneration 2$Lower Mana Cost 8%$Lower Reagent Cost 10%$Physical Resist 17%$Fire Resist 19%$Cold Resist 18%$Poison Resist 18%$Energy Resist 19%$Mage Armor$Strength Requirement 25$Durability 255 / 255$* Requires The "Stygian Abyss" Expansion$Legendary Artifact$ 
QNFPGTD,OEFPGTD,Mystic Platemail Gorget Of Haste,Gorget,Mystic Platemail Gorget Of Haste$Insured$Weight: 2 Stones$Brittle$Dexterity Bonus 4$Intelligence Bonus 4$Stamina Increase 8$Mana Increase 8$Stamina Regeneration 4$Mana Regeneration 2$Lower Mana Cost 8%$Physical Resist 20%$Fire Resist 18%$Cold Resist 17%$Poison Resist 18%$Energy Resist 17%$Mage Armor$Strength Requirement 45$Durability 255 / 255$Legendary Artifact$ 
NNFPGTD,OEFPGTD,Arcane Helmet Of Haste,Helm,Arcane Helmet Of Haste$Insured$Weight: 5 Stones$Brittle$Casting Focus 1%$Dexterity Bonus 4$Stamina Increase 8$Mana Increase 4$Stamina Regeneration 3$Mana Regeneration 3$Lower Mana Cost 10%$Lower Reagent Cost 5%$Physical Resist 17%$Fire Resist 19%$Cold Resist 19%$Poison Resist 18%$Energy Resist 2%$Mage Armor$Strength Requirement 45$Durability 255 / 255$* Requires The "Stygian Abyss" Expansion$Legendary Artifact$ 
ENFPGTD,OEFPGTD,Arcane Leather Shorts Of Haste,Legs,Arcane Leather Shorts Of Haste$Insured$Weight: 3 Stones$Brittle$Casting Focus 2%$Dexterity Bonus 4$Intelligence Bonus 5$Stamina Increase 10$Stamina Regeneration 1$Mana Regeneration 1$Lower Mana Cost 2%$Lower Reagent Cost 5%$Physical Resist 17%$Fire Resist 19%$Cold Resist 18%$Poison Resist 18%$Energy Resist 18%$Strength Requirement 20$Durability 255 / 255$* Requires The "Stygian Abyss" Expansion$Legendary Artifact$ 
BNFPGTD,OEFPGTD,Arcane Dragon Turtle Hide Helm Of Haste,Helm,Arcane Dragon Turtle Hide Helm Of Haste$Insured$Weight: 4 Stones$Brittle$Dexterity Bonus 4$Intelligence Bonus 4$Stamina Increase 8$Mana Increase 8$Stamina Regeneration 3$Mana Regeneration 1$Lower Mana Cost 6%$Lower Reagent Cost 5%$Physical Resist 19%$Fire Resist 17%$Cold Resist 17%$Poison Resist 19%$Energy Resist 19%$Strength Requirement 30$Durability 255 / 255$Legendary Artifact$* Requires The "Time Of Legends" Expansion$ 
CNFPGTD,OEFPGTD,Arcane Tiger Pelt Helm Of Haste,Helm,Arcane Tiger Pelt Helm Of Haste$Insured$Weight: 4 Stones$Brittle$Casting Focus 1%$Dexterity Bonus 4$Intelligence Bonus 2$Stamina Increase 8$Mana Increase 4$Stamina Regeneration 3$Mana Regeneration 3$Lower Mana Cost 8%$Lower Reagent Cost 20%$Physical Resist 18%$Fire Resist 19%$Cold Resist 18%$Poison Resist 18%$Energy Resist 18%$Strength Requirement 25$Durability 255 / 255$* Requires The "Stygian Abyss" Expansion$Legendary Artifact$* Requires The "Time Of Legends" Expansion$ 
INFPGTD,OEFPGTD,Arcane Bandana Of Haste,Helm,Arcane Bandana Of Haste$Insured$Weight: 1 Stone$Brittle$Casting Focus 1%$Dexterity Bonus 4$Intelligence Bonus 2$Stamina Increase 8$Mana Increase 10$Stamina Regeneration 3$Mana Regeneration 2$Lower Mana Cost 8%$Physical Resist 15%$Fire Resist 18%$Cold Resist 20%$Poison Resist 23%$Energy Resist 23%$Strength Requirement 10$Durability 255 / 255$* Requires The "Stygian Abyss" Expansion$Legendary Artifact$ 
ZMFPGTD,OEFPGTD,Arcane Gargish Cloth Chest Of Haste,Chest,Arcane Gargish Cloth Chest Of Haste$Insured$Weight: 6 Stones$Gargoyles Only$Brittle$Casting Focus 1%$Dexterity Bonus 4$Intelligence Bonus 4$Stamina Increase 10$Stamina Regeneration 2$Mana Regeneration 1$Lower Mana Cost 10%$Lower Reagent Cost 10%$Physical Resist 20%$Fire Resist 22%$Cold Resist 21%$Poison Resist 21%$Energy Resist 21%$Strength Requirement 25$Durability 255 / 255$* Requires The "Stygian Abyss" Expansion$Legendary Artifact$ 
ANFPGTD,OEFPGTD,Arcane Platemail Gloves Of Haste,Gloves,Arcane Platemail Gloves Of Haste$Insured$Weight: 2 Stones$Brittle$Dexterity Bonus 4$Intelligence Bonus 4$Stamina Increase 10$Mana Increase 8$Stamina Regeneration 2$Mana Regeneration 1$Lower Reagent Cost 20%$Physical Resist 20%$Fire Resist 18%$Cold Resist 17%$Poison Resist 18%$Energy Resist 17%$Mage Armor$Strength Requirement 70$Durability 255 / 255$Legendary Artifact$ 
NMFPGTD,OEFPGTD,Arcane Orc Mask Of Haste,Helm,Arcane Orc Mask Of Haste$Insured$Weight: 4 Stones$Brittle$Casting Focus 2%$Dexterity Bonus 4$Stamina Increase 10$Mana Increase 2$Stamina Regeneration 1$Mana Regeneration 4$Lower Mana Cost 2%$Lower Reagent Cost 5%$Physical Resist 16%$Fire Resist 16%$Cold Resist 22%$Poison Resist 22%$Energy Resist 23%$Strength Requirement 10$Durability 255 / 255$* Requires The "Stygian Abyss" Expansion$Legendary Artifact$ 
MMFPGTD,OEFPGTD,Arcane Dragon Turtle Hide Chest Of Haste,Chest,Arcane Dragon Turtle Hide Chest Of Haste$Insured$Weight: 8 Stones$Brittle$Casting Focus 1%$Dexterity Bonus 4$Intelligence Bonus 5$Stamina Increase 10$Mana Increase 8$Stamina Regeneration 2$Mana Regeneration 1$Lower Mana Cost 2%$Physical Resist 19%$Fire Resist 17%$Cold Resist 17%$Poison Resist 19%$Energy Resist 19%$Strength Requirement 30$Durability 255 / 255$* Requires The "Stygian Abyss" Expansion$Legendary Artifact$* Requires The "Time Of Legends" Expansion$ 
SMFPGTD,OEFPGTD,Mystic Chainmail Tunic Of Haste,Chest,Mystic Chainmail Tunic Of Haste$Insured$Weight: 7 Stones$Brittle$Dexterity Bonus 5$Intelligence Bonus 4$Stamina Increase 8$Mana Increase 10$Stamina Regeneration 1$Mana Regeneration 1$Lower Mana Cost 4%$Physical Resist 19%$Fire Resist 19%$Cold Resist 19%$Poison Resist 16%$Energy Resist 17%$Mage Armor$Strength Requirement 60$Durability 255 / 255$Legendary Artifact$ 
GMFPGTD,OEFPGTD,Mystic Ringmail Gloves Of Haste,Gloves,Mystic Ringmail Gloves Of Haste$Insured$Weight: 2 Stones$Brittle$Dexterity Bonus 4$Intelligence Bonus 4$Stamina Increase 10$Mana Increase 8$Stamina Regeneration 2$Mana Regeneration 3$Lower Mana Cost 2%$Physical Resist 18%$Fire Resist 18%$Cold Resist 16%$Poison Resist 20%$Energy Resist 18%$Mage Armor$Strength Requirement 40$Durability 255 / 255$Legendary Artifact$ 
JMFPGTD,OEFPGTD,Arcane Chainmail Tunic Of Haste,Chest,Arcane Chainmail Tunic Of Haste$Insured$Weight: 7 Stones$Brittle$Casting Focus 2%$Dexterity Bonus 5$Stamina Increase 10$Stamina Regeneration 1$Mana Regeneration 4$Lower Mana Cost 8%$Lower Reagent Cost 5%$Physical Resist 19%$Fire Resist 19%$Cold Resist 19%$Poison Resist 1%$Energy Resist 17%$Mage Armor$Strength Requirement 60$Durability 255 / 255$* Requires The "Stygian Abyss" Expansion$Legendary Artifact$ 
KMFPGTD,OEFPGTD,Arcane Studded Tunic Of Haste,Chest,Arcane Studded Tunic Of Haste$Insured$Weight: 8 Stones$Brittle$Casting Focus 1%$Dexterity Bonus 5$Intelligence Bonus 3$Stamina Increase 10$Mana Increase 2$Stamina Regeneration 1$Mana Regeneration 4$Lower Reagent Cost 20%$Physical Resist 17%$Fire Resist 19%$Cold Resist 18%$Poison Resist 18%$Energy Resist 4%$Mage Armor$Strength Requirement 35$Durability 255 / 255$* Requires The "Stygian Abyss" Expansion$Legendary Artifact$ 
RGFPGTD,OEFPGTD,Arcane Ringmail Tunic Of Haste,Chest,Arcane Ringmail Tunic Of Haste$Insured$Weight: 15 Stones$Brittle$Casting Focus 2%$Dexterity Bonus 4$Stamina Increase 8$Mana Increase 8$Stamina Regeneration 3$Mana Regeneration 1$Lower Mana Cost 10%$Lower Reagent Cost 5%$Physical Resist 18%$Fire Resist 18%$Cold Resist 16%$Poison Resist 20%$Energy Resist 18%$Strength Requirement 40$Durability 255 / 255$* Requires The "Stygian Abyss" Expansion$Legendary Artifact$ 
WGFPGTD,OEFPGTD,Arcane Leather Gloves Of Haste,Gloves,Arcane Leather Gloves Of Haste$Insured$Weight: 1 Stone$Brittle$Casting Focus 1%$Dexterity Bonus 4$Intelligence Bonus 5$Stamina Increase 10$Stamina Regeneration 2$Mana Regeneration 3$Lower Mana Cost 2%$Lower Reagent Cost 5%$Physical Resist 17%$Fire Resist 19%$Cold Resist 18%$Poison Resist 18%$Energy Resist 18%$Strength Requirement 20$Durability 255 / 255$* Requires The "Stygian Abyss" Expansion$Legendary Artifact$ 
TGFPGTD,OEFPGTD,Arcane Gargish Leather Kilt Of Haste,Kilt,Arcane Gargish Leather Kilt Of Haste$Insured$Weight: 5 Stones$Gargoyles Only$Brittle$Casting Focus 1%$Dexterity Bonus 1$Intelligence Bonus 4$Stamina Increase 10$Mana Increase 8$Stamina Regeneration 4$Lower Mana Cost 8%$Lower Reagent Cost 5%$Physical Resist 20%$Fire Resist 21%$Cold Resist 22%$Poison Resist 21%$Energy Resist 21%$Strength Requirement 25$Durability 255 / 255$* Requires The "Stygian Abyss" Expansion$Legendary Artifact$ 
KGFPGTD,OEFPGTD,Arcane Tiger Pelt Chest Of Haste,Chest,Arcane Tiger Pelt Chest Of Haste$Insured$Weight: 6 Stones$Brittle$Dexterity Bonus 4$Intelligence Bonus 5$Stamina Increase 10$Mana Increase 2$Mana Regeneration 1$Lower Mana Cost 4%$Lower Reagent Cost 5%$Physical Resist 18%$Fire Resist 19%$Cold Resist 18%$Poison Resist 18%$Energy Resist 18%$Strength Requirement 25$Durability 255 / 255$Legendary Artifact$* Requires The "Time Of Legends" Expansion$ 
HGFPGTD,OEFPGTD,Arcane Gargish Leather Leggings Of Haste,Legs,Arcane Gargish Leather Leggings Of Haste$Insured$Weight: 5 Stones$Gargoyles Only$Brittle$Casting Focus 1%$Dexterity Bonus 5$Intelligence Bonus 4$Stamina Increase 10$Mana Increase 4$Stamina Regeneration 1$Mana Regeneration 3$Lower Mana Cost 8%$Lower Reagent Cost 5%$Physical Resist 20%$Fire Resist 21%$Cold Resist 22%$Poison Resist 21%$Energy Resist 21%$Strength Requirement 20$Durability 255 / 255$* Requires The "Stygian Abyss" Expansion$Legendary Artifact$ 
IGFPGTD,OEFPGTD,Arcane Bandana Of Haste,Helm,Arcane Bandana Of Haste$Insured$Weight: 1 Stone$Brittle$Casting Focus 1%$Dexterity Bonus 4$Intelligence Bonus 5$Stamina Increase 10$Mana Increase 2$Stamina Regeneration 2$Mana Regeneration 3$Lower Mana Cost 2%$Physical Resist 15%$Fire Resist 18%$Cold Resist 20%$Poison Resist 23%$Energy Resist 23%$Strength Requirement 10$Durability 255 / 255$* Requires The "Stygian Abyss" Expansion$Legendary Artifact$ 
NGFPGTD,OEFPGTD,Arcane Tricorne Hat Of Haste,Helm,Arcane Tricorne Hat Of Haste$Insured$Weight: 1 Stone$Brittle$Dexterity Bonus 4$Intelligence Bonus 4$Stamina Increase 10$Mana Increase 2$Stamina Regeneration 2$Mana Regeneration 1$Lower Mana Cost 8%$Lower Reagent Cost 20%$Physical Resist 15%$Fire Resist 20%$Cold Resist 24%$Poison Resist 20%$Energy Resist 20%$Strength Requirement 10$Durability 255 / 255$Legendary Artifact$ 
ZFFPGTD,OEFPGTD,Arcane Studded Armor Of Haste,Chest,Arcane Studded Armor Of Haste$Insured$Weight: 6 Stones$Brittle$Casting Focus 1%$Dexterity Bonus 4$Intelligence Bonus 4$Stamina Increase 10$Mana Increase 4$Stamina Regeneration 3$Lower Mana Cost 10%$Lower Reagent Cost 5%$Physical Resist 17%$Fire Resist 19%$Cold Resist 18%$Poison Resist 18%$Energy Resist 19%$Strength Requirement 35$Durability 255 / 255$* Requires The "Stygian Abyss" Expansion$Legendary Artifact$ 
JFFPGTD,OEFPGTD,Arcane Dragon Turtle Hide Helm Of Haste,Helm,Arcane Dragon Turtle Hide Helm Of Haste$Insured$Weight: 4 Stones$Brittle$Dexterity Bonus 5$Intelligence Bonus 2$Stamina Increase 8$Mana Increase 8$Stamina Regeneration 1$Mana Regeneration 3$Lower Mana Cost 8%$Physical Resist 19%$Fire Resist 17%$Cold Resist 17%$Poison Resist 19%$Energy Resist 19%$Strength Requirement 30$Durability 255 / 255$Legendary Artifact$* Requires The "Time Of Legends" Expansion$ 
OFFPGTD,OEFPGTD,Arcane Platemail Tunic Of Haste,Chest,Arcane Platemail Tunic Of Haste$Insured$Weight: 10 Stones$Brittle$Dexterity Bonus 4$Intelligence Bonus 5$Stamina Increase 10$Mana Increase 4$Stamina Regeneration 2$Lower Reagent Cost 20%$Physical Resist 20%$Fire Resist 18%$Cold Resist 17%$Poison Resist 18%$Energy Resist 17%$Mage Armor$Strength Requirement 95$Durability 255 / 255$Legendary Artifact$ 
DFFPGTD,OEFPGTD,Arcane Gargish Cloth Leggings Of Haste,Legs,Arcane Gargish Cloth Leggings Of Haste$Insured$Weight: 4 Stones$Gargoyles Only$Brittle$Dexterity Bonus 5$Intelligence Bonus 3$Stamina Increase 10$Mana Increase 8$Stamina Regeneration 1$Mana Regeneration 3$Lower Reagent Cost 20%$Physical Resist 20%$Fire Resist 22%$Cold Resist 21%$Poison Resist 21%$Energy Resist 21%$Strength Requirement 20$Durability 255 / 255$Legendary Artifact$ 
AJFPGTD,OEFPGTD,Mystic Gargish Platemail Arms Of Haste,Arms,Mystic Gargish Platemail Arms Of Haste$Insured$Weight: 5 Stones$Gargoyles Only$Brittle$Dexterity Bonus 4$Intelligence Bonus 4$Stamina Increase 10$Mana Increase 10$Stamina Regeneration 2$Mana Regeneration 1$Lower Mana Cost 4%$Physical Resist 23%$Fire Resist 21%$Cold Resist 20%$Poison Resist 21%$Energy Resist 20%$Mage Armor$Strength Requirement 80$Durability 255 / 255$Legendary Artifact$ 
YIFPGTD,OEFPGTD,Arcane Dragon Turtle Hide Chest Of Haste,Chest,Arcane Dragon Turtle Hide Chest Of Haste$Insured$Weight: 8 Stones$Brittle$Casting Focus 2%$Dexterity Bonus 4$Intelligence Bonus 2$Stamina Increase 8$Mana Increase 8$Stamina Regeneration 3$Mana Regeneration 3$Lower Mana Cost 6%$Lower Reagent Cost 5%$Physical Resist 19%$Fire Resist 17%$Cold Resist 17%$Poison Resist 19%$Energy Resist 19%$Strength Requirement 30$Durability 255 / 255$* Requires The "Stygian Abyss" Expansion$Legendary Artifact$* Requires The "Time Of Legends" Expansion$ 
NIFPGTD,OEFPGTD,Mystic Gargish Platemail Chest Of Haste,Chest,Mystic Gargish Platemail Chest Of Haste$Insured$Weight: 10 Stones$Gargoyles Only$Brittle$Dexterity Bonus 4$Intelligence Bonus 5$Stamina Increase 10$Mana Increase 2$Stamina Regeneration 2$Mana Regeneration 1$Lower Mana Cost 8%$Physical Resist 23%$Fire Resist 21%$Cold Resist 20%$Poison Resist 21%$Energy Resist 20%$Mage Armor$Strength Requirement 95$Durability 255 / 255$Legendary Artifact$ 
OIFPGTD,OEFPGTD,Arcane Gargish Leather Arms Of Haste,Arms,Arcane Gargish Leather Arms Of Haste$Insured$Weight: 4 Stones$Gargoyles Only$Brittle$Dexterity Bonus 4$Stamina Increase 8$Mana Increase 10$Stamina Regeneration 3$Mana Regeneration 1$Lower Mana Cost 8%$Lower Reagent Cost 5%$Physical Resist 20%$Fire Resist 21%$Cold Resist 22%$Poison Resist 21%$Energy Resist 21%$Strength Requirement 25$Durability 255 / 255$Legendary Artifact$ 
FIFPGTD,OEFPGTD,Arcane Dragon Turtle Hide Bustier Of Haste,Chest,Arcane Dragon Turtle Hide Bustier Of Haste$Insured$Weight: 6 Stones$Brittle$Casting Focus 1%$Dexterity Bonus 4$Intelligence Bonus 4$Stamina Increase 10$Stamina Regeneration 2$Mana Regeneration 1$Lower Mana Cost 2%$Lower Reagent Cost 25%$Physical Resist 19%$Fire Resist 17%$Cold Resist 17%$Poison Resist 19%$Energy Resist 19%$Strength Requirement 30$Durability 255 / 255$* Requires The "Stygian Abyss" Expansion$Legendary Artifact$* Requires The "Time Of Legends" Expansion$ 
XHFPGTD,OEFPGTD,Arcane Leather Gorget Of Haste,Gorget,Arcane Leather Gorget Of Haste$Insured$Weight: 1 Stone$Brittle$Casting Focus 1%$Dexterity Bonus 4$Intelligence Bonus 3$Stamina Increase 10$Mana Regeneration 1$Lower Mana Cost 4%$Lower Reagent Cost 25%$Physical Resist 17%$Fire Resist 19%$Cold Resist 18%$Poison Resist 18%$Energy Resist 18%$Strength Requirement 20$Durability 255 / 255$* Requires The "Stygian Abyss" Expansion$Legendary Artifact$ 
VHFPGTD,OEFPGTD,Mystic Studded Gorget Of Haste,Gorget,Mystic Studded Gorget Of Haste$Insured$Weight: 1 Stone$Brittle$Dexterity Bonus 4$Intelligence Bonus 5$Stamina Increase 8$Mana Increase 6$Stamina Regeneration 3$Mana Regeneration 1$Lower Mana Cost 8%$Physical Resist 17%$Fire Resist 19%$Cold Resist 18%$Poison Resist 18%$Energy Resist 19%$Mage Armor$Strength Requirement 25$Durability 255 / 255$Legendary Artifact$ 
CIFPGTD,OEFPGTD,Mystic Gargish Platemail Chest Of Haste,Chest,Mystic Gargish Platemail Chest Of Haste$Insured$Weight: 10 Stones$Gargoyles Only$Brittle$Dexterity Bonus 5$Intelligence Bonus 4$Stamina Increase 8$Mana Increase 6$Stamina Regeneration 2$Mana Regeneration 1$Lower Mana Cost 10%$Physical Resist 23%$Fire Resist 21%$Cold Resist 20%$Poison Resist 21%$Energy Resist 20%$Mage Armor$Strength Requirement 95$Durability 255 / 255$Legendary Artifact$ 
SHFPGTD,OEFPGTD,Arcane Gargish Leather Kilt Of Haste,Kilt,Arcane Gargish Leather Kilt Of Haste$Insured$Weight: 5 Stones$Gargoyles Only$Brittle$Casting Focus 2%$Dexterity Bonus 4$Intelligence Bonus 2$Stamina Increase 8$Mana Increase 6$Stamina Regeneration 3$Mana Regeneration 3$Lower Mana Cost 8%$Physical Resist 20%$Fire Resist 21%$Cold Resist 22%$Poison Resist 21%$Energy Resist 21%$Strength Requirement 25$Durability 255 / 255$* Requires The "Stygian Abyss" Expansion$Legendary Artifact$ 
IHFPGTD,OEFPGTD,Arcane Gargish Leather Chest Of Haste,Chest,Arcane Gargish Leather Chest Of Haste$Insured$Weight: 8 Stones$Gargoyles Only$Brittle$Casting Focus 1%$Dexterity Bonus 4$Intelligence Bonus 4$Stamina Increase 8$Mana Increase 8$Stamina Regeneration 3$Lower Mana Cost 6%$Lower Reagent Cost 5%$Physical Resist 20%$Fire Resist 21%$Cold Resist 22%$Poison Resist 21%$Energy Resist 21%$Strength Requirement 25$Durability 255 / 255$* Requires The "Stygian Abyss" Expansion$Legendary Artifact$ 
